,Run1_1pM Pb_C1,Run2_1pM Pb_C1,Run3_1pM Pb_C1,Run4_1pM Pb_C1,Run5_1pM Pb_C1,Run6_1pM Pb_C1,Run7_1pM Pb_C1,CQD1_1pM Pb_C1,CQD2_1pM Pb_C1,CQD3_1pM Pb_C1,CQD4_1pM Pb_C1,CQD5_1pM Pb_C1,CQD6_1pM Pb_C1,CQD7_1pM Pb_C1,Run1_500pM Pb_C1,Run2_500pM Pb_C1,Run3_500pM Pb_C1,Run4_500pM Pb_C1,Run5_500pM Pb_C1,Run6_500pM Pb_C1,Run7_500pM Pb_C1,CQD1_500pM Pb_C1,CQD2_500pM Pb_C1,CQD3_500pM Pb_C1,CQD4_500pM Pb_C1,CQD5_500pM Pb_C1,CQD6_500pM Pb_C1,CQD7_500pM Pb_C1,Run1_50pM Pb_C1,Run2_50pM Pb_C1,Run3_50pM Pb_C1,Run4_50pM Pb_C1,Run5_50pM Pb_C1,Run6_50pM Pb_C1,Run7_50pM Pb_C1,CQD1_50pM Pb_C1,CQD2_50pM Pb_C1,CQD3_50pM Pb_C1,CQD4_50pM Pb_C1,CQD5_50pM Pb_C1,CQD6_50pM Pb_C1,CQD7_50pM Pb_C1,Run1_5nM Pb_C1,Run2_5nM Pb_C1,Run3_5nM Pb_C1,Run4_5nM Pb_C1,Run5_5nM Pb_C1,Run6_5nM Pb_C1,Run7_5nM Pb_C1,CQD1_5nM Pb_C1,CQD2_5nM Pb_C1,CQD3_5nM Pb_C1,CQD4_5nM Pb_C1,CQD5_5nM Pb_C1,CQD6_5nM Pb_C1,CQD7_5nM Pb_C1,Run1_5pM Pb_C1,Run2_5pM Pb_C1,Run3_5pM Pb_C1,Run4_5pM Pb_C1,Run5_5pM Pb_C1,Run6_5pM Pb_C1,Run7_5pM Pb_C1,CQD1_5pM Pb_C1,CQD2_5pM Pb_C1,CQD3_5pM Pb_C1,CQD4_5pM Pb_C1,CQD5_5pM Pb_C1,CQD6_5pM Pb_C1,CQD7_5pM Pb_C1,Run1_1pM Pb_C2,Run2_1pM Pb_C2,Run3_1pM Pb_C2,Run4_1pM Pb_C2,Run5_1pM Pb_C2,Run6_1pM Pb_C2,Run7_1pM Pb_C2,CQD1_1pM Pb_C2,CQD2_1pM Pb_C2,CQD3_1pM Pb_C2,CQD4_1pM Pb_C2,CQD5_1pM Pb_C2,CQD6_1pM Pb_C2,CQD7_1pM Pb_C2,Run1_50pM Pb_C2,Run2_50pM Pb_C2,Run3_50pM Pb_C2,Run4_50pM Pb_C2,Run5_50pM Pb_C2,Run6_50pM Pb_C2,Run7_50pM Pb_C2,CQD1_50pM Pb_C2,CQD2_50pM Pb_C2,CQD3_50pM Pb_C2,CQD4_50pM Pb_C2,CQD5_50pM Pb_C2,CQD6_50pM Pb_C2,CQD7_50pM Pb_C2,Run1_5pM Pb_C2,Run2_5pM Pb_C2,Run3_5pM Pb_C2,Run4_5pM Pb_C2,Run5_5pM Pb_C2,Run6_5pM Pb_C2,Run7_5pM Pb_C2,CQD1_5pM Pb_C2,CQD2_5pM Pb_C2,CQD3_5pM Pb_C2,CQD4_5pM Pb_C2,CQD5_5pM Pb_C2,CQD6_5pM Pb_C2,CQD7_5pM Pb_C2,Run1_1pM Pb_C3,Run2_1pM Pb_C3,Run3_1pM Pb_C3,Run4_1pM Pb_C3,Run5_1pM Pb_C3,Run6_1pM Pb_C3,Run7_1pM Pb_C3,CQD1_1pM Pb_C3,CQD2_1pM Pb_C3,CQD3_1pM Pb_C3,CQD4_1pM Pb_C3,CQD5_1pM Pb_C3,CQD6_1pM Pb_C3,CQD7_1pM Pb_C3,Run1_500pM Pb_C3,Run2_500pM Pb_C3,Run3_500pM Pb_C3,Run4_500pM Pb_C3,Run5_500pM Pb_C3,Run6_500pM Pb_C3,Run7_500pM Pb_C3,CQD1_500pM Pb_C3,CQD2_500pM Pb_C3,CQD3_500pM Pb_C3,CQD4_500pM Pb_C3,CQD5_500pM Pb_C3,CQD6_500pM Pb_C3,CQD7_500pM Pb_C3,Run1_50pM Pb_C3,Run2_50pM Pb_C3,Run3_50pM Pb_C3,Run4_50pM Pb_C3,Run5_50pM Pb_C3,Run6_50pM Pb_C3,Run7_50pM Pb_C3,CQD1_50pM Pb_C3,CQD2_50pM Pb_C3,CQD3_50pM Pb_C3,CQD4_50pM Pb_C3,CQD5_50pM Pb_C3,CQD6_50pM Pb_C3,CQD7_50pM Pb_C3,Run1_5nM Pb_C3,Run2_5nM Pb_C3,Run3_5nM Pb_C3,Run4_5nM Pb_C3,Run5_5nM Pb_C3,Run6_5nM Pb_C3,Run7_5nM Pb_C3,CQD1_5nM Pb_C3,CQD2_5nM Pb_C3,CQD3_5nM Pb_C3,CQD4_5nM Pb_C3,CQD5_5nM Pb_C3,CQD6_5nM Pb_C3,CQD7_5nM Pb_C3,Run1_5pM Pb_C3,Run2_5pM Pb_C3,Run3_5pM Pb_C3,Run4_5pM Pb_C3,Run5_5pM Pb_C3,Run6_5pM Pb_C3,Run7_5pM Pb_C3,CQD1_5pM Pb_C3,CQD2_5pM Pb_C3,CQD3_5pM Pb_C3,CQD4_5pM Pb_C3,CQD5_5pM Pb_C3,CQD6_5pM Pb_C3,CQD7_5pM Pb_C3,Run1_1pM Pb_C4,Run2_1pM Pb_C4,Run3_1pM Pb_C4,Run4_1pM Pb_C4,Run5_1pM Pb_C4,Run6_1pM Pb_C4,Run7_1pM Pb_C4,CQD1_1pM Pb_C4,CQD2_1pM Pb_C4,CQD3_1pM Pb_C4,CQD4_1pM Pb_C4,CQD5_1pM Pb_C4,CQD6_1pM Pb_C4,CQD7_1pM Pb_C4,Run1_500pM Pb_C4,Run2_500pM Pb_C4,Run3_500pM Pb_C4,Run4_500pM Pb_C4,Run5_500pM Pb_C4,Run6_500pM Pb_C4,Run7_500pM Pb_C4,CQD1_500pM Pb_C4,CQD2_500pM Pb_C4,CQD3_500pM Pb_C4,CQD4_500pM Pb_C4,CQD5_500pM Pb_C4,CQD6_500pM Pb_C4,CQD7_500pM Pb_C4,Run1_50pM Pb_C4,Run2_50pM Pb_C4,Run3_50pM Pb_C4,Run4_50pM Pb_C4,Run5_50pM Pb_C4,Run6_50pM Pb_C4,Run7_50pM Pb_C4,CQD1_50pM Pb_C4,CQD2_50pM Pb_C4,CQD3_50pM Pb_C4,CQD4_50pM Pb_C4,CQD5_50pM Pb_C4,CQD6_50pM Pb_C4,CQD7_50pM Pb_C4,Run1_5nM Pb_C4,Run2_5nM Pb_C4,Run3_5nM Pb_C4,Run4_5nM Pb_C4,Run5_5nM Pb_C4,Run6_5nM Pb_C4,Run7_5nM Pb_C4,CQD1_5nM Pb_C4,CQD2_5nM Pb_C4,CQD3_5nM Pb_C4,CQD4_5nM Pb_C4,CQD5_5nM Pb_C4,CQD6_5nM Pb_C4,CQD7_5nM Pb_C4,Run1_5pM Pb_C4,Run2_5pM Pb_C4,Run3_5pM Pb_C4,Run4_5pM Pb_C4,Run5_5pM Pb_C4,Run6_5pM Pb_C4,Run7_5pM Pb_C4,CQD1_5pM Pb_C4,CQD2_5pM Pb_C4,CQD3_5pM Pb_C4,CQD4_5pM Pb_C4,CQD5_5pM Pb_C4,CQD6_5pM Pb_C4,CQD7_5pM Pb_C4,Run1_1pM Pb_C5,Run2_1pM Pb_C5,Run3_1pM Pb_C5,Run4_1pM Pb_C5,Run5_1pM Pb_C5,Run6_1pM Pb_C5,Run7_1pM Pb_C5,CQD1_1pM Pb_C5,CQD2_1pM Pb_C5,CQD3_1pM Pb_C5,CQD4_1pM Pb_C5,CQD5_1pM Pb_C5,CQD6_1pM Pb_C5,CQD7_1pM Pb_C5,Run1_500pM Pb_C5,Run2_500pM Pb_C5,Run3_500pM Pb_C5,Run4_500pM Pb_C5,Run5_500pM Pb_C5,Run6_500pM Pb_C5,Run7_500pM Pb_C5,CQD1_500pM Pb_C5,CQD2_500pM Pb_C5,CQD3_500pM Pb_C5,CQD4_500pM Pb_C5,CQD5_500pM Pb_C5,CQD6_500pM Pb_C5,CQD7_500pM Pb_C5,Run1_50pM Pb_C5,Run2_50pM Pb_C5,Run3_50pM Pb_C5,Run4_50pM Pb_C5,Run5_50pM Pb_C5,Run6_50pM Pb_C5,Run7_50pM Pb_C5,CQD1_50pM Pb_C5,CQD2_50pM Pb_C5,CQD3_50pM Pb_C5,CQD4_50pM Pb_C5,CQD5_50pM Pb_C5,CQD6_50pM Pb_C5,CQD7_50pM Pb_C5,Run1_5nM Pb_C5,Run2_5nM Pb_C5,Run3_5nM Pb_C5,Run4_5nM Pb_C5,Run5_5nM Pb_C5,Run6_5nM Pb_C5,Run7_5nM Pb_C5,CQD1_5nM Pb_C5,CQD2_5nM Pb_C5,CQD3_5nM Pb_C5,CQD4_5nM Pb_C5,CQD5_5nM Pb_C5,CQD6_5nM Pb_C5,CQD7_5nM Pb_C5,Run1_5pM Pb_C5,Run2_5pM Pb_C5,Run3_5pM Pb_C5,Run4_5pM Pb_C5,Run5_5pM Pb_C5,Run6_5pM Pb_C5,Run7_5pM Pb_C5,CQD1_5pM Pb_C5,CQD2_5pM Pb_C5,CQD3_5pM Pb_C5,CQD4_5pM Pb_C5,CQD5_5pM Pb_C5,CQD6_5pM Pb_C5,CQD7_5pM Pb_C5
70,644.6956787,649.6399536,647.0231323,646.0386353,649.5221558,647.0762329,647.3326314,720.9529419,716.8231812,718.7611084,718.0072021,715.5568848,717.8006592,717.3594971,639.4607544,624.90979,626.5071411,623.40625,631.1047363,643.4672852,640.4285278,706.4661865,713.7020264,710.8088989,704.8547363,712.5411377,712.9828491,695.9711914,646.5661011,651.4636841,648.1122437,647.4835815,643.9007568,654.0248413,647.7137451,720.9338379,721.7474976,712.0782471,710.5291748,712.8743896,716.4534912,707.5814209,606.1870117,612.5075684,613.9358521,622.7266235,621.7762451,621.7409668,624.5574951,712.2576294,683.322876,686.7852783,684.848999,684.2832642,684.6804199,683.7868652,663.3757324,661.0959473,660.3077393,659.5806274,662.4306641,667.1915894,675.4837646,712.4742432,718.135437,714.1682129,711.1021729,712.7835693,714.1849365,713.5316162,673.2338257,673.1820068,673.6158447,673.0792847,670.1724854,668.5283813,670.7145386,715.7300415,717.1068115,720.4346313,715.9851685,716.3814087,717.4217529,718.5921021,662.5852051,666.6200562,664.9472046,664.8059082,666.6200562,664.9472046,664.8059082,715.6793823,717.0883789,712.3099365,716.0524902,715.6793823,717.0883789,712.3099365,667.5803833,663.8170776,664.0162964,670.8123779,666.6459351,663.2339478,667.0995483,719.0090332,717.1083374,716.0162354,716.3178101,715.9667358,714.3625488,718.2178345,652.2750854,647.7910767,648.2770386,648.029541,648.7167969,649.2368774,648.1478882,697.1400146,699.0061035,698.4539185,696.7174683,699.6538086,697.765625,703.5761719,637.4854126,633.1046753,640.7818604,639.1505127,639.626709,633.4506226,632.4058228,721.444458,718.1223755,710.9936523,717.5358887,709.3285522,717.0043335,715.8009644,654.7702026,651.7205811,643.3426514,664.3605347,643.4085693,656.7057495,654.5261841,704.8123779,705.2419434,716.3563232,714.0515747,711.093689,717.3557129,716.1384277,624.9923096,631.9364624,629.645752,638.531189,635.7669067,633.7850342,632.1828613,703.4423218,704.9271851,689.5992432,699.6314087,697.7487793,694.0604248,699.1125488,676.4728394,673.37677,678.0556641,676.3012695,677.8839111,674.3146973,678.0814819,737.0681152,740.9030151,738.1809082,736.6505127,739.0449219,736.8109741,735.6176758,662.4781494,661.2126465,657.5148315,659.4983521,659.7672729,658.5241089,659.0515137,708.6902466,712.9147339,707.2015991,709.0999146,709.5289917,711.4259033,710.6759644,628.2761841,635.489624,622.7147217,640.9786987,635.2843018,637.3278198,628.3188477,712.9266357,706.9810791,711.9372559,708.6948242,707.8701782,722.4030762,713.0458374,638.3146973,636.3084106,637.5906372,645.7855835,639.4702759,636.8889771,642.5005493,701.8999634,694.079895,691.1740112,699.8527832,692.7571411,697.5846558,700.0411377,638.9315796,632.7123413,637.1737671,625.7660522,630.5256348,634.6225586,635.963501,698.8977661,703.218689,706.0951538,701.6141357,693.3476563,701.2644653,693.548645,640.2224731,640.3383789,644.4247437,643.0272217,643.4088135,643.100708,641.048584,704.920105,701.6856079,705.1309814,704.630188,701.3781128,705.0681152,704.9420166,673.934082,673.4003906,674.3564453,672.9119873,671.4098511,674.0904541,673.8588257,715.2952881,723.8043213,723.9599609,726.1893921,725.9864502,726.7824707,726.2033691,622.4179688,625.677002,621.461731,635.1464844,628.3099365,629.2091064,626.8283691,713.1741333,705.5387573,704.3240967,707.5184326,696.973938,706.8696289,704.5293579,644.3015747,646.5876465,647.3103638,654.666687,652.1547852,652.5584717,652.9975586,710.5194702,705.3431396,703.4391479,711.6726685,708.1409912,703.6305542,706.9484863,616.3225708,611.0803223,612.7296753,613.8696899,609.1533203,600.902832,600.5267334,686.394104,687.9320068,688.3762817,689.2454834,673.9024048,668.194397,675.2744751,654.3345947,652.2741089,651.5735474,650.5168457,652.8814697,656.0350952,654.3620605,694.2481689,702.3591309,702.4278564,691.777771,698.1676636,697.4989014,696.5085449
71,661.0349121,664.1164551,665.8591919,667.996582,667.2410889,666.7907104,665.5064901,739.6442871,741.9309692,737.1907349,736.9650269,734.7478027,736.0101929,736.0562744,656.3255005,642.4081421,643.1384277,643.4653931,649.5534668,654.8396606,660.0330811,729.0862427,732.7844238,728.0935669,724.5919189,727.4642944,725.4829712,717.7971802,664.550415,672.7289429,661.3590698,665.2440796,662.8890381,672.5254517,665.3282471,743.2640381,736.3985596,736.1081543,730.3272095,730.5027466,735.6938477,730.5640869,625.1574707,628.1489868,626.0620117,638.2824707,639.2180176,638.3465576,639.4086914,729.9308472,702.5352173,703.3965454,705.0838623,702.1309204,700.3563843,703.9653931,682.3622437,678.8323364,679.1229248,676.0405884,685.1430664,686.0114136,689.3838501,732.9885254,731.289856,730.8685303,734.2175903,732.2828369,732.2362061,732.0239258,689.2816162,692.9385376,688.6207886,692.7080078,691.2507324,688.7544556,687.0983887,736.381958,733.2874146,735.6620483,737.5264893,739.9008789,735.4891357,736.6716309,680.4927979,684.3485107,686.949646,681.2730103,684.3485107,686.949646,681.2730103,738.2546997,734.4537964,731.897583,741.8718872,738.2546997,734.4537964,731.897583,683.8796387,681.6605835,684.1253662,680.0118408,683.5695801,681.3709717,682.1588135,735.927063,736.930481,738.7285767,733.0137329,734.2919312,733.6690063,736.6138916,666.7279053,665.7213745,667.2264404,665.5579834,665.2506104,664.6271362,671.5206299,716.5516357,719.4152222,721.1164551,716.7366333,719.2897339,717.9179688,716.6456909,658.4996948,647.4741821,656.2341309,652.9185791,657.9902954,650.7914429,649.8652344,739.5785522,733.8290405,720.5516357,729.0117188,730.932312,738.2531738,729.1274414,680.4432373,665.6373291,662.7441406,680.3302002,663.1506348,674.0344849,669.3016968,726.5739746,724.9695435,741.6083984,735.9224854,726.5890503,737.5109253,732.5704956,649.539917,646.4591064,644.0149536,654.2338257,648.6920776,652.8998413,649.4028931,721.4802856,723.8418579,708.4468384,721.7622681,714.28125,712.3769531,718.1917114,686.99823,694.3728027,689.8673706,690.2220459,696.2471313,694.7112427,696.0080566,759.0675659,758.7332764,757.6383057,760.9941406,757.6174927,754.2391357,755.1126709,677.0534058,682.4985352,680.1065063,677.5209961,678.8466187,674.3131714,679.220459,732.87854,731.164856,732.4170532,734.0595093,729.9852295,733.8930054,731.6622925,645.8806763,658.7669678,641.6715698,663.7550049,657.5029907,653.2877197,649.4628296,734.7300415,726.5421143,734.6013184,729.3865967,719.2874756,743.7640381,730.9215698,645.9074707,655.8449097,653.0396118,663.0749512,658.7813721,653.6738281,659.2099609,715.1758423,714.1621094,707.1644287,717.1281738,709.5678711,712.7375488,721.2487793,649.7642212,650.3305054,654.1325073,643.9286499,647.8513184,647.0916138,655.7827148,716.4488525,720.6485596,725.822876,716.5750122,711.3710327,720.1175537,712.1688843,663.2866211,659.1412354,661.5818481,657.5236816,660.3109741,661.5048828,658.0635376,724.0356445,718.8201904,717.4471436,722.3632813,719.7562866,721.8720703,721.5319824,690.4284058,689.4152832,692.4865723,689.8712769,691.5211792,689.0629883,689.9627075,739.1925049,745.4803467,742.4824829,744.5862427,747.6880493,742.4293823,745.8042603,639.7636719,640.8850098,640.8856812,650.6704102,644.5041504,643.9412231,642.8036499,727.7831421,729.4174194,722.7371826,724.4812012,711.536377,725.6247559,720.5769043,665.1102905,664.9544678,667.2432861,676.6603394,670.7070923,665.9473877,674.7443237,729.2001953,724.1589966,724.2716675,729.883667,724.8272095,723.0237427,723.4494019,630.9396362,627.8669434,626.9761353,628.2157593,620.5108032,621.553833,612.3346558,706.0792236,705.8869019,707.2792969,703.0831909,694.960144,687.6866455,696.3140259,671.3285522,669.1863403,670.7658691,668.2620239,669.0872803,671.1257324,670.9433594,716.2763672,717.0412598,724.6252441,711.4061279,715.3766479,715.8980103,712.472229
78,763.5922852,769.1672974,770.4905396,769.7835083,768.37677,760.2284546,766.9398092,854.4658203,854.5655518,848.1964111,855.4054565,846.6594849,850.5352173,850.8564453,764.0709839,745.1519775,749.00177,748.2017822,747.3444214,762.3138428,762.2416992,843.0045776,853.5839233,838.1450806,845.7409058,844.7545166,843.2492676,828.6844482,762.7008667,773.5768433,763.7501221,767.1782837,763.5794678,770.74646,774.154541,858.9909668,851.6554565,848.9676514,843.2224121,844.9134521,847.8061523,843.6444702,727.1390381,726.6610107,727.6378784,737.5327148,736.1098633,739.7077026,742.2686768,844.2943726,812.2061768,811.5178833,810.9025879,814.8154297,805.992981,812.7700806,784.7506104,783.9648438,782.7317505,786.387085,787.8247681,791.2359009,796.9873657,842.255188,848.9301147,846.7110596,844.7900391,845.6593018,842.286377,844.5374756,798.9642944,802.8910522,798.8424683,799.7388306,797.3695679,798.758728,797.836792,854.7662354,853.3329468,852.5042725,854.1657104,851.4100342,855.3845215,851.8255005,795.5535889,794.4487915,791.7770386,792.3422241,794.4487915,791.7770386,792.3422241,854.0341797,850.6357422,846.5939941,858.229248,854.0341797,850.6357422,846.5939941,786.7792969,786.8288574,787.7301636,792.0126343,789.7705078,787.475769,787.4310303,848.5332031,851.2670288,849.2536621,855.4312744,845.2931519,846.6437988,843.7358398,774.2890625,769.6505127,772.2944946,767.0516357,770.3380127,768.2438354,769.8230591,829.5704956,831.0747681,831.6932983,833.2164917,827.7004395,828.508728,829.5176392,764.0574951,754.5222168,761.9032593,763.1085815,759.088623,753.9160156,757.6328125,856.781189,853.8615723,845.7025757,848.411438,841.7939453,856.1671753,847.5062256,786.069397,774.6012573,770.1784058,787.5592041,769.5387573,788.3206177,778.5823364,843.2677612,843.0501709,856.8471069,853.5025024,837.3743286,855.572876,848.5703125,741.5378418,749.7226563,745.2410278,759.5961304,752.9680176,750.0888062,752.8050537,833.2799683,837.1987915,810.8711548,831.932251,827.9227905,820.5518799,828.3522339,798.824707,804.7954712,801.6999512,801.2391357,802.0783081,802.5219727,803.7694702,877.7858887,875.5976563,874.2368164,884.3292847,879.7312012,877.8354492,876.7357788,791.4866333,787.7192383,786.5524902,784.5301514,786.9197388,790.7420654,786.5023193,844.0009155,849.4563599,844.8369141,845.8954468,848.5513916,847.9014893,848.8059692,753.5137939,766.7144775,748.5672607,767.4641724,765.1411743,769.5285645,757.529541,855.6552124,849.6410522,854.9334717,853.6509399,848.2176514,866.694458,852.4058838,756.1072388,755.6013184,757.5252686,764.5359497,765.5581055,759.3345947,759.3270264,829.723877,827.590332,820.8572998,829.1320801,824.3638306,824.9277344,837.2766724,749.7832031,751.3460693,757.7687378,747.8087769,749.6893921,753.5625,755.7802734,829.8464966,833.7844849,841.8878174,831.4716797,824.6990967,832.9300537,823.9816284,760.762146,762.003418,759.6130371,759.1141357,762.9310913,764.0175171,759.2137451,828.7476807,831.6992188,833.2718506,838.5662231,832.3383179,834.137207,831.5595093,803.2976074,799.6549683,796.7418213,800.545105,797.6877441,797.5423584,798.6104126,853.7011108,858.2215576,857.5670776,861.0283203,862.4196777,862.3450928,861.1955566,735.6732178,743.1171265,735.6517944,750.4457397,740.9325562,745.25177,742.5400391,845.1520996,839.5946655,834.5324707,839.0001831,824.8513184,842.4424438,830.4974976,765.1438599,769.6095581,770.5408936,778.5321655,774.5662231,774.9248657,779.4431152,842.2063599,836.5926514,836.289978,847.1466064,845.7926636,839.4418335,842.0162354,736.1117554,728.9275513,737.2767334,733.8267822,727.442688,722.1603394,719.1600952,807.9421997,810.8170166,816.2624512,815.2246094,803.8324585,797.3807983,808.7814941,779.2888184,771.5879517,779.0125122,775.013916,777.3287964,781.1095581,775.4248047,828.3200073,828.6895142,826.3681641,826.3188477,828.3702393,823.2705078,822.4024048
163,216.7937775,218.3723755,217.6495667,217.6822968,217.0495605,215.9355774,217.2471924,240.7358856,242.5710449,243.8206787,241.4983215,242.7002258,242.1542358,241.8922882,221.6539001,217.2705383,218.6889954,219.9916992,217.5802612,221.4193268,222.1635132,244.0343933,245.2094727,243.2292938,244.3349609,245.4364777,244.6063385,241.9141693,224.0108337,224.2558136,221.7332458,223.9321289,222.5446014,225.2630005,224.2752533,250.6811676,246.6638031,247.6887054,244.8312073,246.0341034,244.0045624,244.0874786,210.3962555,212.3149261,211.6757355,213.9263458,214.6213837,212.7503815,214.0770111,246.4020081,234.1846619,234.4599609,234.6683044,236.505661,235.7554626,234.684494,222.6954041,224.7843018,222.281601,221.617157,224.3410034,225.9568329,228.277359,242.8179626,243.0542603,241.182312,244.0978088,242.2572021,241.5326538,240.7620239,232.7105713,233.922821,231.7889862,233.0943756,232.6277771,232.3464203,232.6167145,247.3890533,250.2813873,249.8232422,248.8040466,247.7339935,248.9245453,250.0666962,232.7267609,234.1826324,233.5584412,230.0991821,234.1826324,233.5584412,230.0991821,249.8346558,250.4156494,248.4249268,250.6610107,249.8346558,250.4156494,248.4249268,224.7958527,226.2494507,224.2270355,225.0280914,226.4168549,225.2155914,224.4706726,244.6112976,243.6400909,243.6492157,242.7342377,242.987381,242.9844055,242.6491089,220.3664398,220.4366608,220.5648499,219.8474731,220.1161041,221.3829956,221.563858,238.178833,238.3093109,237.7223206,237.085968,237.907547,238.9666443,237.9772644,224.0370941,220.5125122,224.0745697,223.6188354,223.7411194,220.6536713,220.9832153,250.0754242,248.0770111,246.023819,245.6601105,247.1983337,249.0223694,248.9635925,230.5301666,226.5217438,224.990387,232.9551697,225.9750824,230.6786957,230.279892,248.4501648,246.3426971,248.3335419,249.8112946,246.9567719,250.7699738,248.6507568,217.0957336,216.6890411,216.48349,220.0794525,217.9277496,218.7021484,218.4900665,240.045929,242.3258057,237.4724426,241.2785797,238.5280914,238.4013367,238.3322449,228.6812439,231.4831696,231.0774078,231.8489227,231.6135254,232.2700806,231.3620758,254.0164032,257.2505493,253.7324982,254.6335754,254.5513763,254.738205,256.1766357,226.1065369,226.1031189,225.3235016,227.6000061,225.6437531,227.3518829,226.2369843,244.5608673,244.9490967,243.2886658,244.336441,243.6788635,242.6062775,245.4745331,220.9563446,221.9515076,218.0723877,225.7099915,221.5126343,222.2205658,219.0351563,250.8243866,247.324707,247.6226196,249.8608093,243.539566,249.6477203,247.4520111,218.9620667,221.3283386,217.3166809,220.9059601,221.2028656,218.6915894,221.2535248,240.6843262,241.1728668,237.6277008,245.0772705,241.2068176,240.6974335,240.8798828,217.7279205,216.1546173,219.4814606,215.1587982,216.1224823,218.9762573,219.1818542,239.1154785,241.602005,242.8003998,240.105011,237.1422882,241.4710236,240.0883789,216.7370605,217.9319458,218.1455231,217.0346527,216.6431122,215.8002777,215.7483215,237.603775,239.0808563,237.797348,237.8441467,237.1014404,238.5123749,237.6539917,229.1673126,226.88414,228.437561,227.875061,227.4950256,226.7268982,228.6050568,244.2606049,244.1595612,245.0067596,246.4172363,245.7380524,242.8289032,245.9198151,212.983017,215.4558716,211.7394409,215.512619,212.9747467,214.9466553,214.2455292,244.4982605,245.8779144,244.1720886,241.6644287,235.5329437,241.5986176,235.3691864,221.9324341,222.5232849,223.2548981,226.3206482,224.7365723,224.9219055,225.9273529,242.9719543,245.1726837,244.4927826,245.1753845,245.1114197,243.9176483,243.6273804,218.744278,216.6628571,216.5611877,220.1466064,218.1054382,216.5606995,214.8921204,233.7484131,237.2639008,234.9479065,232.9750824,238.9700775,237.7538605,241.8344421,222.4435272,222.6370239,222.0396729,222.1541901,222.0581665,222.9931793,222.4013062,238.0343475,237.623764,239.8535309,238.6438446,239.6524506,237.0670013,236.3079987
164,211.0839996,211.5161285,213.1324921,211.8811951,211.390564,210.4255981,211.5716629,235.9477844,236.2387543,235.790741,235.4354095,234.8569031,233.9169006,233.9639435,215.2501678,211.2883148,212.6718903,212.4523315,211.9676514,215.0409088,215.3741608,239.76091,242.3650818,238.9288635,237.8977356,238.4510651,236.4042358,235.0521393,216.9916687,218.8253784,216.2461548,217.881958,216.8659821,218.7178497,217.8987732,238.4069519,242.328186,240.9135437,237.1233978,238.6565704,238.7464752,236.9897766,202.9723206,206.3568573,205.5829315,207.2464752,208.1060028,208.3595276,209.3026733,238.0989227,227.3144684,227.850769,229.0578308,227.6127014,228.028656,227.4421387,217.7348175,220.1769257,216.2116089,217.8836365,218.6233521,221.1806641,221.3186951,234.9978027,235.9126892,236.6776733,236.9580078,235.0960236,235.5887756,234.9478607,225.9179382,226.2077179,226.1323853,225.8272095,225.8695679,225.5409393,226.1874847,242.8079681,241.1345215,242.6183777,243.3887482,240.8829803,242.4028625,241.9359894,223.3639374,224.365448,225.8039856,223.419754,224.365448,225.8039856,223.419754,243.7554626,242.4415588,241.419342,242.3983307,243.7554626,242.4415588,241.419342,217.5892334,220.2801514,219.3015442,217.8852234,217.4491577,216.7365723,216.807663,236.8553314,235.7697754,236.378067,237.9127197,236.323288,238.0511017,235.8737793,214.1587982,214.2088776,212.764328,213.7694092,215.4053345,214.1296844,213.4765015,229.9946747,231.2455292,230.4614105,231.7789459,231.3792419,229.2362518,229.0478363,217.0983276,214.9412231,216.2308655,218.6018372,216.7180328,213.8820648,214.4023895,241.9978027,239.7177887,240.1997681,239.3044739,238.884903,241.4397583,241.5166626,222.662262,221.2649841,220.3356018,223.7782288,217.3418274,222.9785156,221.9304657,239.0081635,241.2122345,244.6526794,242.9750214,242.4872894,244.8326111,242.4655914,210.3246613,211.5178375,209.9095306,215.1992798,212.230545,210.9148865,212.8239899,234.9721069,233.907196,229.2050476,233.7803345,233.5640564,230.850769,232.1273499,224.2509918,223.2911377,222.0926971,223.98703,225.5658875,225.9220276,225.5690918,247.5023346,248.0962677,248.7477722,250.5245209,247.6013641,248.0112152,248.0067902,219.4791412,220.1651154,219.7461243,221.2152863,220.7585754,219.8694458,220.9724426,236.0389404,236.7786102,237.9670868,237.7157288,236.673584,238.8472748,237.9359131,213.5517731,215.3032837,213.1177521,218.6223907,216.709198,216.0395508,215.5440521,241.7675781,237.2464752,240.8615417,239.0055695,235.8257141,244.085144,240.8495331,214.4461365,217.7685852,213.3480682,217.4738617,213.1038971,213.3147888,214.1572113,234.8374481,233.6926422,229.9150696,234.6812134,233.1765747,234.4551544,233.6685638,211.2033081,210.4853973,213.4622955,211.4342651,211.7648926,212.2974396,212.8532104,232.5164642,236.9293213,235.7451324,232.962265,231.5270081,235.15802,232.3628998,210.9952698,211.0733643,211.5500793,210.8578033,211.6703339,211.9246368,212.5730591,230.815567,231.4132385,233.642395,229.9777832,232.2583618,232.5713196,231.5009003,220.8330078,219.2070923,219.4086304,221.7067261,221.5240631,221.7052155,223.0497589,237.2913361,237.8526611,238.8767853,236.5846863,239.8163147,236.915741,238.5540619,207.2934723,209.8700104,206.3587341,210.707901,207.6604309,208.9661865,208.8751984,238.5185394,238.9671021,236.0830078,237.220932,227.3283844,234.5836029,228.342514,217.1986389,217.6322632,218.9546509,220.0273132,219.6995392,219.8714142,219.4448242,236.1598816,237.1812744,238.0339508,239.2494812,236.8585358,236.6006165,239.4404449,211.8775787,210.7724915,212.5629425,212.2156372,210.395813,210.9801788,209.8824463,226.3743744,229.1170197,227.2850647,227.5571594,234.2878265,230.521225,232.7997437,216.1054993,214.9823151,215.9078979,215.5350494,216.521698,215.0441742,216.329422,232.5697021,232.803009,232.4562073,231.9801636,229.4315033,230.3436279,229.1916046
166,197.7416992,200.6387024,200.6260071,199.9034119,198.0535583,199.1050415,199.3447367,221.9290619,221.9161072,222.2881165,221.8578796,221.2121582,220.6447296,222.2256165,204.1269379,200.6329803,199.8704071,200.6468048,199.1087799,203.5890045,204.4357758,224.1990204,226.8034668,224.0517273,222.5715179,223.7996063,222.9506226,223.5294189,204.4565887,207.2027588,203.0217285,203.9188995,205.4802704,207.4375305,206.8325653,229.0185394,226.0695801,227.7577362,224.2666779,226.2478638,225.8484497,222.6797791,192.8794403,193.1168213,194.7913055,194.7469788,197.4901733,197.1959229,197.175415,223.9015503,215.9482422,216.1312714,214.3828888,215.7355347,216.2389526,215.2410126,205.3546448,206.0391541,205.8632355,204.7090454,207.5025024,207.2299194,208.4095917,223.5349884,222.6394043,223.3024902,222.7401886,221.6882324,223.2966003,223.1085663,213.9143524,212.8693237,213.15448,211.4114838,213.9323578,214.3063965,214.2767029,229.6317291,229.0973816,228.1789551,228.9588776,227.3105011,228.1579132,228.3317108,212.0936584,213.2958069,213.4611664,209.7679291,213.2958069,213.4611664,209.7679291,230.8739777,228.0132141,229.7198486,231.141449,230.8739777,228.0132141,229.7198486,206.9116516,204.4648438,204.6930695,206.629425,206.1385956,205.4740143,204.6619415,222.5905609,225.2173462,223.5839691,223.0449829,224.4421997,223.8124542,225.0608063,202.2451019,201.9272461,201.1603546,202.1725464,201.3733826,202.3108978,202.2533875,218.1208649,220.1612701,216.7901917,215.5440369,218.6215668,218.5305328,218.8767395,203.2969666,202.5116882,204.0316162,206.5375671,204.1191406,201.7457428,203.2697449,229.3677521,224.8999176,225.2827759,225.4772949,227.596405,228.8220062,229.6147156,211.4405518,208.4876251,207.5760193,212.9218903,206.58461,210.670105,208.9145203,224.2793884,227.1369171,230.402298,230.3748169,227.9846497,231.1052399,227.758667,196.9318085,199.5930634,198.3942108,201.9894562,200.7442474,199.9789124,200.256546,221.4111481,223.2248383,218.5779114,220.0992737,218.7140808,220.4690704,219.3442688,211.8178864,212.124054,212.1276855,211.6416016,212.1669769,213.6481628,212.3609467,233.5569458,234.274704,233.040802,234.2218781,233.8200378,235.2411957,233.7905121,207.254364,208.2031555,206.9387512,207.7540131,206.7067413,207.0478516,206.5758209,222.5817871,224.0890198,223.1836853,222.1483154,224.9338226,222.6147766,224.0118561,201.3025513,204.3031311,200.3282776,205.0046539,204.466507,204.5997314,202.6827393,229.045639,225.1014557,226.8338776,226.0432587,223.210968,228.9414215,226.6097412,203.0084534,203.424942,201.0784302,203.1896515,202.6970367,201.4399261,202.1223755,222.9782715,220.6388702,218.8256073,221.2208099,220.8333893,219.2599945,221.3941345,199.6036377,199.3299866,200.2860107,197.8529053,199.6975403,200.19104,200.8118134,219.5843506,222.2068787,221.3354645,220.170929,217.900177,220.3987732,217.9870148,199.5829315,199.5840912,199.9248962,198.943634,200.2590027,199.2534637,197.7223511,219.7707214,218.96698,219.0801239,219.6509247,218.6164398,219.4062653,218.4880524,207.85495,206.5959167,210.4591827,207.3818665,210.961853,207.404892,209.5133209,224.1169586,223.5281525,224.6501617,224.09935,226.3339691,226.0079803,223.8317261,196.1152802,196.0549316,195.6024017,197.0534973,194.8421478,199.9289856,195.8748779,224.629837,224.913559,223.7226563,224.2871704,218.6760712,223.4392242,216.7347107,202.5328217,205.4115295,205.4406281,208.1062164,207.1543427,204.6332703,206.7286682,223.8211365,225.5235138,221.8637695,227.0772095,225.134201,222.0978699,224.1345367,200.7098083,199.2630005,200.6680298,201.5731201,198.4485016,199.3850098,196.8457031,213.2727509,214.9254608,213.9718018,215.3040619,220.4870911,217.4642029,220.908493,205.7806244,204.6707153,203.5352325,202.3481445,204.9358215,205.2997131,202.4132385,219.3802948,217.639801,219.5214844,218.9976196,216.8867493,217.9358368,218.7030334
167,192.0183411,193.0291595,193.7575073,193.1536255,190.0332336,190.8090515,192.1334864,215.0562286,213.7514801,217.0465393,216.5695343,215.3093719,214.8767853,213.6387787,197.383606,193.3077545,195.3590393,195.6171875,193.6525116,197.6425476,197.5077667,216.2866516,218.6356812,217.2994995,216.9908142,219.1992645,217.6814117,214.9683533,196.1416779,199.5761414,196.6465607,200.1169434,197.8517609,200.4663544,198.5010223,221.3002319,218.6702118,218.0804901,216.5804138,219.3065948,219.0145721,216.4101563,184.5802917,186.8423004,188.4891357,190.8094177,190.3415222,190.1203766,189.8688507,218.7090912,209.4708099,207.7489014,208.702179,208.2664337,208.8129272,207.8811951,198.77211,199.8883362,198.7982483,198.8083801,198.7741394,201.5932007,201.6631622,215.8345184,213.8061829,215.0513153,215.9490051,214.6883698,214.4716187,214.4252777,205.4895477,206.5879669,206.4971313,207.6071472,206.5812683,206.202713,204.8439636,221.1666718,221.1343231,219.1370087,221.762558,221.1169128,221.8868713,221.6905975,205.2469177,206.7687836,207.0905151,203.1180878,206.7687836,207.0905151,203.1180878,222.0118561,221.1705933,221.315155,223.1062775,222.0118561,221.1705933,221.315155,198.8047943,198.1121674,197.4809265,199.0241241,198.695755,197.6345978,198.878418,214.9745483,216.7120514,217.6789703,216.5759888,214.294693,215.4712982,215.956955,194.5562897,194.8726654,194.4257965,195.5931854,194.5408173,195.1768341,195.8101044,211.2805328,210.5945587,208.5830688,211.5099945,212.1268616,210.8386078,210.4817505,200.5159912,194.7828369,199.2294769,198.2031708,197.7975922,196.0099792,196.6028442,222.4989014,219.0540924,217.5597687,217.3932648,218.266449,220.589325,222.8237762,203.1861267,201.0608521,199.4581757,203.6134949,198.5408478,203.8585358,201.7035828,217.9366608,220.4613495,222.3586121,221.3427277,220.5716858,224.1152954,223.1873169,191.7384949,190.9018402,192.1800842,194.9984894,192.3768311,193.9273987,193.9545898,212.7739716,214.4767303,209.8652954,215.3189392,211.3258667,212.5483093,211.8969879,206.8755646,205.2012024,206.0356598,204.6878967,205.4707184,206.8640747,205.7451935,226.8674927,226.2827911,226.4041138,225.6808167,227.3912659,227.8151245,224.7234192,200.7267151,199.5895538,200.6409912,200.730545,198.4750671,199.702774,200.003067,216.881073,216.5737,216.120285,214.1188049,216.5926971,217.2644196,216.0746155,195.7815552,196.1001587,193.1349335,197.5323792,197.0095367,194.5858002,195.4299164,221.92659,218.3438873,218.8134766,218.9782104,215.9716339,221.1880798,220.2116394,196.3518677,196.2537689,194.5785217,197.9075317,196.1203918,194.4153748,196.5500488,213.8927307,211.2186127,210.553299,214.4972076,214.8530579,213.3884125,214.9243622,194.2485352,192.7220764,194.5883331,191.7042999,194.6197968,192.8505554,194.1433716,213.2952576,214.1835327,214.5122375,212.2489777,212.5983124,214.642395,210.9681549,193.9242401,193.0612183,191.5487823,191.2514038,192.4106903,192.9597473,192.3184357,213.2338867,210.6229095,211.1993561,209.2730255,211.7766266,212.4330139,211.5875244,201.7488403,202.6976471,203.4010925,200.898819,203.0814514,201.8414307,202.8715668,215.6356354,216.9041748,217.3101196,216.4259338,217.9687347,217.6148071,217.937973,188.5664825,189.9967346,188.4136047,192.187027,189.5727539,190.7302856,190.0711212,217.8947601,217.8790741,215.6629333,215.5955048,209.1584473,215.9954224,209.1595001,196.8016968,200.0,200.3722839,200.292923,199.2825165,198.922287,199.8388519,216.9434662,216.9945984,215.8345642,218.7903748,216.5354309,215.8651733,216.7690735,194.9995422,193.1447601,194.1335144,194.078949,194.4947662,192.6553955,189.2902985,207.2781677,208.0838318,208.4306946,208.995163,213.2119293,211.5043793,212.9131165,197.6849213,196.8062286,197.3709869,197.4589233,198.7119293,196.8751373,197.3514099,211.1764526,209.1469269,211.1216431,210.492569,209.5244141,209.8306885,210.9461823
170,177.0093536,176.4360657,178.2620087,178.3806915,177.2787933,175.8439636,177.2018127,196.7758179,196.5400085,196.0641327,196.2584839,197.0752869,197.1170959,196.3090668,182.4942322,176.2538605,175.9918671,176.9335785,178.2363892,182.3134308,182.369751,199.7837677,202.3115234,199.6639709,199.0324097,199.8304901,199.769577,195.9249573,181.3391418,181.6462402,180.0927124,183.0159302,181.561676,184.6437683,183.0023804,202.7329254,201.4181213,201.9205933,200.3867645,200.15065,202.3306732,198.1325378,170.5925293,171.9047394,174.0511627,172.6440887,174.1249695,174.6501923,174.276123,200.9602051,190.0302887,191.201767,190.4498596,191.0997925,190.1756592,189.5565186,182.9234161,183.043457,181.4754486,182.3242645,184.4074249,185.3483887,186.1038361,197.736496,196.7930908,196.2662964,197.3034821,198.9551086,194.3067169,198.7903442,190.2883759,189.1815491,189.950943,188.2522278,190.7044067,190.0972748,190.5172119,202.6790161,202.6995087,201.1547546,202.0313263,200.4205475,202.8558044,203.5066223,188.3967896,190.577652,190.2722168,188.7042847,190.577652,190.2722168,188.7042847,203.5386047,202.8728943,202.4512482,205.7861481,203.5386047,202.8728943,202.4512482,183.5743561,181.8411255,182.1555634,182.4720154,183.625412,183.3374786,184.8063507,197.5091858,199.1305542,198.183075,197.8190308,196.1980743,197.10466,198.8769684,180.1481018,179.2033081,179.181839,179.6787567,178.1819305,178.5310822,179.2762756,193.6648865,193.0344696,193.0722504,194.663147,194.8096771,194.7051849,192.1780853,182.4629822,179.8133698,181.6631012,181.6543121,180.6401215,179.5065155,179.9133148,201.6427307,202.2955322,201.2233429,200.4100037,200.9143677,202.2982788,201.6953125,187.1910553,184.8450928,184.8098145,187.1539459,184.545517,186.1720581,186.2185974,201.0701599,200.0691071,204.7265625,203.2095184,203.3471527,205.0584564,203.2985382,175.7840271,177.6290894,178.1462708,178.4866028,178.1721802,178.3705902,177.947464,195.3420715,195.972229,191.4533081,196.952713,193.3841095,193.754837,193.6366577,189.2008514,189.197998,189.4398956,189.2359009,188.0873871,188.2812805,190.4124298,206.439209,208.213623,207.2940063,208.2417908,206.6686096,208.9155273,208.0845032,183.3930359,184.4612122,183.7608032,183.3449554,184.1177673,185.4551086,185.260498,200.3780212,198.6132813,197.2249603,197.8530426,199.0294342,198.3979645,199.9290161,180.3313599,181.4213715,176.6215973,181.6344757,181.2659302,179.46698,179.4125671,202.1366272,198.2861633,201.0362549,202.4495087,199.878952,203.6434174,201.4002991,177.4676056,180.1076965,178.0538635,180.376709,179.5172882,177.4144592,179.7303162,196.9064941,197.2257538,195.7141724,197.0547638,195.7238159,194.5810547,196.2466125,177.716629,176.8365479,178.4129791,177.3291321,178.0878448,176.1501923,179.017334,195.1957092,196.5758514,197.0640106,195.3857422,195.785553,198.0190125,194.4246216,177.5154419,175.4380493,177.5135498,177.5911713,176.8730621,174.250946,176.587738,191.6384735,194.3536682,193.9136963,194.48172,195.38414,193.9269104,195.2487488,184.4217072,185.1267548,184.7103882,184.9860229,186.2303619,184.7588959,184.4867859,199.3028412,199.6541443,199.5243073,199.9905548,198.8610382,199.1527405,200.5476532,173.8775177,174.065155,171.8848572,174.7339172,174.3708954,175.4644775,174.4212341,199.4994659,202.2059937,197.4853058,197.6606293,192.614563,197.4582672,191.2878113,182.2302704,181.8040771,182.8381195,183.8736267,184.2823486,183.5869141,182.4043884,199.7236328,199.4952545,198.1334686,200.171814,198.8997192,200.3022766,198.8575592,178.3080597,176.2428894,177.3569336,178.5091248,177.4196014,174.9815826,175.6918182,188.9958649,191.4382019,191.0969086,192.0595398,196.1246185,194.5257111,196.099411,181.8251801,181.8731842,181.3106995,181.877182,181.2110748,180.2853851,182.046524,193.1112061,193.7068634,194.3573608,193.4458313,192.5875397,193.1793671,193.7911377
172,166.6483307,166.5655975,167.0237427,164.5988159,166.5243835,166.1234741,166.2473907,185.8768921,187.0918579,185.6779327,185.8574524,185.5274048,184.9990997,184.368927,169.9028473,166.9137878,168.424942,169.0826416,168.4247589,170.6256714,169.6284332,188.962616,188.7794342,188.2724609,186.654068,188.8837891,186.5642853,184.3943939,170.2310486,173.2631531,170.8155823,171.6026611,170.7627258,173.6660156,173.9277802,189.1975555,189.3834229,189.8724365,188.3218689,188.2415924,188.3110962,186.9512634,160.8929596,161.3851929,163.0014801,162.9394379,163.1951904,163.6815948,165.3623962,189.716568,179.3087311,180.5885468,179.6286163,180.82901,179.9216003,179.7833405,172.5631256,172.3911438,171.6287384,170.0140228,172.562439,172.7673035,174.3140411,186.3610535,185.8041382,186.5866089,185.1238403,184.0644379,185.8899536,186.1222382,179.0295258,178.8529663,178.5359039,179.0341492,178.6983185,178.4551086,179.7180481,191.4227753,191.0223236,191.0899963,190.1867218,190.3357544,191.5743103,191.3061066,176.2628326,178.9250793,178.7660828,175.5502625,178.9250793,178.7660828,175.5502625,192.2086334,190.5041504,189.8872528,191.7607269,192.2086334,190.5041504,189.8872528,172.1387787,171.131424,171.0609131,172.0265503,171.0328827,172.1581268,171.1540833,185.3450928,187.8601379,188.5659332,186.1459198,185.2649078,186.7861633,185.2521973,167.758316,168.963974,169.6037903,168.6165771,168.9369507,169.5633698,168.3467102,180.3211517,180.9066315,182.7332306,183.3743896,183.1642151,179.9330444,182.4081879,171.4315643,168.994812,171.6718445,171.9521484,169.6097717,168.8545227,167.1725769,192.3432617,189.6158905,187.1317596,189.3199463,187.5796814,190.898056,190.3855133,173.7038574,172.6781158,172.7563477,178.3955994,172.8432922,176.4099121,175.2200775,188.2826233,188.5744781,192.8041534,191.4089661,189.5449982,192.7427826,189.719223,166.1550598,166.5050964,166.9720459,168.4880066,166.8870697,167.0641632,167.2658997,182.8864594,183.915741,181.6118164,184.0705872,182.257843,183.5938721,182.8256989,176.4668579,176.6860046,177.0605469,177.8293915,176.6656036,177.2046661,177.7419434,195.5236816,196.1993408,194.3470612,195.1703796,196.9897156,194.7583313,196.9891052,172.4449921,171.5600128,172.7740021,173.1981506,173.1010895,172.3329163,173.023941,185.8829041,185.0830536,186.5028381,185.5539856,185.4846191,185.5249786,186.0965424,168.8017883,169.854599,166.4050293,171.2940826,168.8198242,170.9020081,168.5215454,189.5561981,186.6302338,187.8796082,187.514389,187.2030792,189.3916779,190.8220673,168.955368,169.2982483,166.5546112,170.5002441,168.7927551,166.984787,166.4351807,186.3194427,183.1908569,181.3414612,183.273407,182.4575806,182.7018433,183.2626343,165.9175262,166.3793793,167.7908783,165.5052643,168.8350067,166.8761139,167.3260193,184.7962952,184.1417694,185.0663147,183.5080414,182.8158264,184.8844757,183.4699707,167.8977661,165.8056641,167.5382233,165.7938232,166.1181946,166.1071777,165.1218109,181.6524048,182.8298187,182.0631104,181.2132416,182.4430695,182.2468567,181.397644,175.9813843,175.4642944,172.2638092,173.6417236,173.658783,173.0951233,174.1743164,186.7722321,187.4376831,187.4912567,185.4860992,188.8022156,188.5182953,187.2683411,163.7804413,162.5738983,161.6352692,164.7553101,162.4271851,164.3336029,165.0910339,190.2006378,189.0967712,185.8957062,185.9219971,182.332901,184.836853,182.5057983,170.6261749,170.7969513,173.0560303,173.4250946,174.4380188,172.4894257,171.2169342,188.9173126,186.9783478,185.1637878,188.3748322,186.7005005,185.4468384,188.4598846,167.8648071,167.3578796,168.1842346,167.5028534,166.7527618,165.1922913,163.8884277,179.0717621,179.9574127,180.8016968,180.0368195,182.6829529,182.1609344,184.4555511,170.7108002,170.7973328,169.9768066,170.4538574,172.3282623,170.4603882,170.1490326,184.2845154,182.5295563,181.9642181,182.6704712,181.2363739,182.5657654,182.2870483
177,141.8527832,141.0454254,142.5422058,143.8945618,143.1904144,142.3957672,142.4868596,159.4545135,160.3062897,158.2481079,159.6950531,158.3142853,158.7082062,158.405014,146.0130615,143.5853577,144.1913452,144.3816071,143.1125793,146.1656342,146.3217468,160.8350067,161.1632996,161.6626892,161.4718933,161.5016785,160.8154297,158.5098419,146.085083,146.1636963,144.0380096,146.8981171,146.2315521,147.6838837,149.0763397,162.5991058,162.3699188,163.0321503,160.5383759,161.7452545,162.9789886,160.2067261,139.2020111,138.9950714,139.6973419,139.5510559,140.9274902,141.0446777,140.9117889,161.6982727,153.6649933,155.0430145,154.5092163,153.6544189,154.2605286,153.2593231,146.8666992,147.0909424,146.6029205,145.4369049,147.781662,148.6716614,150.1887817,159.4196167,157.494278,158.4923859,157.4071198,158.9742737,159.2295074,157.5491791,154.0658875,153.1303864,154.6173248,152.8926239,152.2827606,153.5600739,152.9891052,164.2207794,164.9857788,164.9351807,164.3469849,163.3939819,163.7621155,163.0762024,151.1515503,151.9900055,152.9330292,149.7445679,151.9900055,152.9330292,149.7445679,164.864563,163.5364075,163.0772095,165.6665955,164.864563,163.5364075,163.0772095,145.9088135,147.5109406,149.2042389,146.801178,145.8828583,147.5312958,146.4266663,160.180069,161.4816895,160.7230988,160.740799,158.9158325,160.3164673,158.2217712,144.8658905,143.4394531,143.4353027,143.7567444,143.1503448,144.7324524,143.7534485,155.7888031,154.3009491,156.1313629,157.4406586,156.060318,154.7232971,156.440094,146.118576,144.5211334,147.2805328,146.2691803,145.8395844,144.5896454,145.6031647,164.8710022,162.8416748,161.4248199,162.8296661,162.599884,162.2810364,164.8838196,149.1094208,147.8095093,148.7501526,151.9034424,148.7147217,150.3965759,148.0774689,161.7479248,163.4467316,165.1642761,163.9033508,162.7121887,165.2248535,162.3451996,141.306015,142.3288422,143.3660736,144.5984039,143.5283813,143.176178,143.6340179,156.7798004,158.4543915,155.7895355,157.3530731,155.423996,157.2040558,157.5483551,152.3061676,151.015686,153.1179047,152.3335266,150.4226074,152.3921051,151.7888947,167.2157898,167.6175995,165.2402496,167.4341736,166.7179565,168.033905,167.0730743,148.0953827,147.6663361,148.1321411,146.9087372,146.3810577,150.6414337,147.8016357,159.6420593,159.5749512,158.6635895,158.9893188,160.00737,160.7606812,159.0468445,144.0786438,143.3951416,142.932251,146.6495361,144.7222748,145.8973541,144.865921,162.2616119,161.553894,160.9589081,160.4238281,160.0871277,161.8483276,160.3301697,145.5106812,143.9350586,143.3523407,144.9546356,145.2762146,142.9832306,145.763031,160.5508118,158.5999603,157.4264374,158.8785095,157.4392242,156.5901031,158.2753448,142.4774323,143.4758759,143.9545898,142.9054108,143.9844971,142.8201904,144.1231384,156.7682953,155.9819489,159.5562134,156.2314453,156.6176453,157.2525024,156.5494232,142.2304688,141.3486481,141.5669403,143.1310883,141.7361298,142.9533234,142.3282166,155.2979736,158.1024475,157.3054962,156.9402771,157.6885681,156.8227386,156.6125488,148.80336,148.1560974,147.4706268,149.6245422,149.4002686,148.3676758,148.9799805,158.2095184,160.5024261,160.2452087,161.0559692,162.5614929,159.396225,160.0583801,139.5617523,140.6108856,139.0148773,142.65625,140.0075378,140.7132874,140.7132874,161.6269073,163.6239471,158.5818634,160.0295563,154.8120422,160.1524658,155.7697601,146.4228973,145.8977966,147.2449188,149.0615387,147.4197693,146.6668701,148.4501495,161.1422577,160.1852722,160.8345184,161.4499054,159.9963074,160.7537079,160.5003052,144.8782959,142.4182281,144.2585449,144.5313721,142.6428223,142.2050323,139.8487091,154.0246277,154.4534607,154.2137604,155.7831573,156.2832794,155.3393555,159.2417603,144.8902435,145.1343689,145.8503723,146.1829529,145.018692,144.840332,146.187027,156.8576202,157.0209503,156.6790924,156.0422363,154.6710358,155.6541595,155.7993011
178,138.5570221,137.3188782,138.5314941,137.7374878,138.1509247,137.5258331,137.9702733,154.6981049,153.7445526,155.0608673,155.4772491,154.4105225,154.5665741,154.0449371,141.6622925,138.8125458,139.0395508,140.1557465,139.6567535,142.1460266,141.8168335,155.4433746,157.2101593,155.5531769,156.0165405,157.5416565,154.9414978,154.1824188,140.9978943,144.3912201,141.5620575,143.029541,142.8461914,143.9780273,143.6429291,157.7592468,158.9631195,158.7279663,156.075119,158.0381165,158.0727386,155.8717499,134.8396606,135.2225037,135.5222015,136.6368713,135.0772247,136.6938629,137.1259766,158.0115204,149.2105103,150.8915253,149.1129913,149.9814911,150.2767792,148.892868,143.0010223,142.1623688,142.6035461,140.9341278,144.5209503,143.9390411,145.1555176,153.6627045,153.7181091,154.3327179,153.5531464,154.445816,154.8138885,154.3110504,149.3456573,147.4764862,148.8789673,147.4767151,146.5465698,148.7892609,148.7988434,158.9504089,159.2684326,159.0186615,159.5252533,159.7043762,158.5820313,158.6859283,147.1850281,149.3171997,149.3740997,146.5434875,149.3171997,149.3740997,146.5434875,161.3512115,160.1248627,158.261673,160.1878967,161.3512115,160.1248627,158.261673,143.361969,142.46698,143.9549561,143.3805084,144.1191406,143.2724762,142.2769318,154.5547333,156.0384827,154.6542664,153.8333588,154.6056824,153.1801605,155.4840088,140.8420105,138.7436523,139.5061188,140.6449738,139.6494751,139.6044006,140.1834412,151.793869,151.9890594,150.6584625,151.274353,151.0760956,151.6190796,150.7913361,142.302124,141.3277893,143.0173645,141.6324005,141.4738617,140.2340698,140.502533,159.7105103,157.8468628,156.0398254,158.3821716,157.048996,158.4280396,158.7743378,147.0565338,146.2211456,143.5879974,146.5969391,143.5379181,146.1676636,145.7565155,157.3139801,158.0266876,159.4371185,159.6524658,159.4053345,159.8721466,159.8226624,137.9320831,138.2890472,138.8036499,140.4334717,139.2285919,137.54039,139.3053131,151.7312164,154.6744995,151.664444,153.8602753,153.4636993,151.1432648,154.0853119,146.6188507,146.7110138,147.0863953,146.8583679,148.1742096,147.7406616,147.9802399,161.2449493,162.4413605,162.479187,162.2604523,163.8225708,162.9398804,164.0087433,144.1393127,142.4590759,144.3907318,143.4531403,144.8113861,142.9942017,143.7826843,155.5069885,155.1605835,155.2265015,156.0980225,154.6443634,157.1666412,155.6390533,139.5452576,141.3770905,137.9965668,139.9722748,140.4606934,141.2658539,139.5313873,157.8827209,155.1342316,155.7817688,156.1623688,154.3398132,159.0007629,156.3722992,140.3424225,141.0341187,138.9112396,139.9580688,141.1953278,139.7669067,142.6359253,153.5404968,151.2814026,150.7684479,154.136322,153.0943604,153.2612305,152.8923798,138.7434082,140.1146393,139.1960449,138.6463318,138.6329346,138.6377869,140.2006226,152.1674957,153.6607361,153.843811,153.7648163,152.0790405,154.6881714,152.5534668,136.7185059,139.2528839,137.7884521,138.5779877,138.0181122,137.9388428,137.8570862,150.8639069,151.629425,150.5692444,151.7339172,151.3127747,149.8230133,150.153595,144.411377,145.4187469,144.649765,143.7964783,143.7972717,144.4248199,145.2349548,155.2833557,155.4394379,154.637085,156.7777863,155.1810608,155.1815491,155.6791992,136.3905029,137.7314606,134.0218811,137.8586578,135.1452942,137.3529358,135.8889771,155.6510162,155.9912872,154.4115448,155.9727325,150.6193237,154.0041046,151.4787598,141.1090698,143.5027313,143.0510712,144.5959778,144.3339539,143.7940979,144.3189392,155.8256378,157.2923737,155.6863403,156.6000214,156.0648041,155.1063385,155.8069305,140.9271698,138.526825,139.8709869,139.9306946,138.1598206,137.4723511,138.0214233,148.692688,150.0007477,150.6098175,150.5227051,153.5743103,151.5545807,152.1035614,141.6108398,142.2417145,141.6927032,141.9767151,142.0213165,142.951004,140.5070648,151.5022888,151.3862152,151.2583618,151.2093964,151.1878357,151.1526337,150.1779022
180,129.7169037,131.0157471,129.0549011,129.5777588,128.382431,129.2926483,129.5067317,145.8262634,145.9535522,143.7412415,145.5491943,143.5995789,143.8321533,145.7997894,131.9146881,130.8405609,131.8933258,131.6171875,130.9272156,135.3832703,134.2446747,148.1694794,149.7173767,147.2327271,145.2297821,147.1750183,146.8452606,144.9611206,132.8897552,135.6988831,133.2403412,134.3441162,133.1992035,135.627594,134.7378387,148.8884125,147.7517395,147.4595184,148.0095825,148.5936432,147.0894775,146.649292,126.0557175,126.9356461,126.6472321,128.7503815,127.9849243,128.8586121,128.0638733,147.0317383,141.335556,140.910614,141.4239655,140.5357361,141.9363708,140.3230438,133.5133362,134.7249146,133.7296295,133.683136,134.2884827,136.6530914,135.6485443,144.5900574,144.9373474,145.5286102,146.1679077,144.4250031,145.305191,143.7812347,141.0847778,140.0515137,140.850235,138.5356293,139.7517548,139.7674408,139.3705902,148.3711548,149.3886414,149.0969391,148.8161163,149.9677887,149.6086578,149.712204,138.5698242,138.9895477,139.7032623,137.2674255,138.9895477,139.7032623,137.2674255,150.3516388,148.2706909,149.0639954,149.6366577,150.3516388,148.2706909,149.0639954,134.3149872,133.959259,134.3851318,133.5301514,134.4394989,134.1696625,133.9224854,146.0116882,143.8677521,145.2601776,146.0631866,144.0886078,145.8275757,145.985733,131.4501801,131.1206665,131.3991547,131.699585,133.1109009,130.5139465,131.954834,140.8817139,142.8888397,141.8406372,142.4584045,141.9061737,141.406601,141.3562164,134.0316315,131.7245178,134.5443573,132.6985016,133.2187042,131.5487213,132.8390198,150.0581207,148.0015106,147.5854645,146.9814301,147.1261902,148.6584015,147.8465118,137.1789551,137.3718262,134.1584167,139.173172,133.5652313,137.131958,137.5196686,146.58461,146.2996521,151.6351013,150.1879883,149.4150391,149.9819031,149.2781219,129.9472351,130.7912598,129.2772675,132.6486053,130.5183411,130.279953,130.0701294,144.3365631,145.2005615,142.385376,145.9138641,141.3288422,142.038681,144.040741,137.989212,137.811142,139.2466278,137.9012299,137.8042908,138.8316803,139.1973419,152.7157745,152.1904755,150.6433105,153.0532379,153.4083862,153.5749664,152.5914307,136.0767975,135.4483185,135.848877,135.0003052,136.0277405,135.9931488,134.6393433,146.50383,145.633194,144.4759674,145.3699036,145.8843842,146.1259918,145.8563232,130.5871887,131.5323486,129.6069489,133.7259521,131.9601593,130.8669281,130.0492401,147.3238678,145.4688568,147.6328888,146.4105835,145.6864319,149.4877625,147.9946442,131.1865082,131.1141968,130.8752136,133.688446,131.0463409,130.9661865,132.0814972,143.3041992,144.975174,141.8994293,143.6000671,142.8486786,143.071167,145.9328308,129.876236,130.9288177,131.4607849,130.0291901,131.7579498,130.2111206,131.0627594,143.1731262,144.5777435,143.813324,144.6484528,142.216156,144.6115723,142.3035431,130.2010498,130.1987457,129.652832,128.8332214,129.8371582,130.0136108,128.7137909,142.9790955,142.3571625,141.912735,142.9993591,143.5205536,142.2178192,144.7880554,135.3079681,136.4171295,136.7974091,134.9374695,135.8748322,135.2119141,134.9079742,145.5305786,146.6708679,146.4900818,146.3033142,146.4546356,145.9607086,146.9153748,128.4794922,128.5313568,127.776474,130.5748749,128.3329315,128.0886536,128.4507294,147.0606232,148.0316162,146.348877,145.1283417,141.8822632,145.7325439,141.8021545,133.8794556,135.0084839,134.4622345,134.7471771,134.892395,134.2109222,136.5556335,146.2424622,146.5187988,146.3473969,148.2392731,146.23172,146.2829742,146.5432129,130.3755493,128.5144806,131.6664734,130.6562653,128.1427765,129.7169495,129.9865265,139.1721802,140.6692505,140.7646332,141.1177368,142.5225525,143.0703583,142.3595886,132.1846924,132.7089233,133.5163422,133.412323,132.9005737,133.1712494,131.7173309,141.4581451,142.3990936,141.9360809,141.6941071,140.4759674,141.5672302,142.3699036
182,120.8310623,122.1183319,122.5304337,121.8330383,120.5562897,121.0700989,121.4898758,135.1615143,136.9017944,136.1981812,135.4131622,137.3266296,136.6438904,136.5746765,125.1441116,121.9148712,122.9349518,124.0945663,124.2892609,125.6779861,126.0597687,138.4564667,140.2852631,138.9232635,137.6111298,138.1417694,138.9267883,136.3366699,124.7833862,125.94104,125.4739304,125.9683533,126.550766,127.5302734,127.719101,140.2856445,139.8199005,140.4600677,138.4640656,140.0978699,139.7696838,138.6057587,119.6264343,118.6304703,120.0656357,120.7389832,120.8900681,121.0035858,120.337677,138.9795837,132.3134918,132.4286804,132.9994354,132.5366974,132.0373383,132.5373993,126.1963959,127.2435608,126.8693619,125.0115356,127.8202515,127.0087509,126.6465454,136.5555115,136.022995,135.5067902,136.5714111,135.0432129,137.0669556,136.2963409,132.7233276,132.5112762,130.8006592,131.7167816,132.5094757,130.2910614,131.1033936,139.7693634,140.84375,140.4748077,139.328186,140.348114,140.2417603,141.0023956,130.426178,131.9136505,131.6673584,129.8620758,131.9136505,131.6673584,129.8620758,140.9909515,140.9798584,140.8941803,142.4894409,140.9909515,140.9798584,140.8941803,125.9062119,127.2093201,126.0167084,125.4355927,125.1893768,126.5037918,126.5437317,136.8190308,138.272934,136.8427582,137.3050232,137.0884399,135.7454987,136.3622437,123.5250854,122.6815948,123.8681107,122.4078064,124.1848068,124.0329132,122.8118973,133.7162933,133.4805756,133.0348206,134.2000275,133.6455841,134.7084351,134.0362091,126.3387985,125.3459473,125.3930206,125.3937454,125.8897781,123.3957901,124.3849106,141.6035767,138.6780396,138.6458435,138.3309479,140.2620544,139.6043396,139.4993896,131.459137,127.4713898,126.3578796,129.9189148,125.7484131,128.0465088,130.0780182,139.0295563,139.5768585,141.7651825,140.3013611,140.2449341,141.8325348,141.1486511,122.09655,123.5053101,121.8696823,122.5209427,123.3883896,121.8717346,123.2857742,135.5150146,137.6991882,134.0535583,136.0307922,135.1774445,134.5410156,135.2287292,129.7671051,130.4414063,130.820282,132.1230621,131.2018585,130.9416199,131.3867493,142.6038818,143.9445648,144.7910461,142.791214,144.8895264,143.4174042,142.8329468,126.6819534,126.7845764,125.8660126,127.8508606,127.3277817,126.9880066,128.6917572,137.0917206,137.3166199,137.7676544,137.679245,136.1907501,137.4071198,135.8047333,122.3059311,123.9052277,121.3921509,125.2936096,123.1727066,125.2162628,122.5015717,138.2127686,136.6838226,138.4804077,138.204895,137.4371796,140.7848053,139.2823334,124.9084473,125.7693481,123.1809158,125.2782211,124.9980392,124.7024002,124.5195999,135.1896057,136.5760345,133.3943481,136.4585571,134.6916962,135.8160095,136.8083649,122.9922409,122.533844,123.8658524,121.9845123,122.7349854,124.3665085,124.1604156,135.1780243,135.2329407,136.3699036,136.8689423,134.79245,136.8341827,134.6443176,122.917778,122.0740204,121.5894928,122.7065964,122.9131393,121.3990555,122.879776,133.0635681,134.7532959,135.7433319,135.1768341,135.0264587,133.6788177,132.9772797,127.6681137,129.4417877,127.8666229,128.2182922,128.7224884,127.6736145,128.2785187,137.9544525,137.4355164,137.0673218,136.3982849,137.709549,136.1878052,138.2677002,119.2364655,121.5328217,120.5248566,120.9717865,120.7455673,120.4016953,121.8053665,137.4825745,138.338623,137.3782043,138.9958954,132.491394,136.7573395,133.9551544,124.9618073,126.0071716,124.8452682,127.8277512,127.3793259,126.3167572,128.0088501,137.8641052,136.3037109,137.6188507,138.3179321,138.3120575,137.4141541,137.885376,123.8127136,120.939888,123.8143539,123.5410233,121.452774,122.5919418,122.0614548,132.1424103,133.1318359,133.9642487,132.2316589,135.4969482,134.9635315,136.8833313,125.8012772,126.4193192,124.3639832,124.468338,124.6180115,124.9363937,125.6301575,134.4414825,133.5100861,134.147644,133.5483704,134.1005096,134.1819763,134.3521423
183,118.2365036,117.3726578,118.5358353,119.0605392,118.2207336,117.8932114,118.2199135,132.6658173,132.7368011,132.6992188,131.9547119,131.8622742,131.3732605,132.697403,121.4515915,120.0327225,120.3057785,118.9020615,119.5756989,122.0100708,121.2185822,134.9722748,134.5275574,135.3732147,133.5916138,134.1113281,134.9582672,133.7843933,122.61203,124.008461,120.9920578,122.9615097,122.1063614,122.7415009,123.4560471,134.9539032,134.9091492,135.7826385,134.3412476,136.783905,134.5481873,133.0857239,116.4835205,115.9406738,115.2251434,116.3963776,118.1463165,116.9387665,116.6974716,135.537262,128.4836731,129.5969086,127.1436234,129.3017883,128.3971863,127.142952,123.0774002,124.6199646,120.9613419,122.3158951,123.2838898,122.5036392,125.1610641,131.6088257,130.9453125,131.2567139,130.559021,132.115799,131.3218842,132.9815369,126.9406967,128.1042023,127.7272873,126.7380676,129.4479828,127.5343933,129.1429901,136.2938995,136.5657654,135.4213409,136.4088745,135.4692993,136.25,135.8900452,126.2480621,126.3511353,127.9028473,126.2909317,126.3511353,127.9028473,126.2909317,138.7800293,136.234726,134.4249725,137.5065155,138.7800293,136.234726,134.4249725,122.9149857,122.5560913,122.5861664,122.0377197,123.4536209,121.3085709,123.2182693,133.8811798,131.0684204,131.6239777,134.1546936,133.1228333,132.0078583,131.3630676,119.7105713,119.7615738,118.8677444,119.7984467,119.0781784,120.3224564,120.0329208,129.2397156,130.4279938,128.9964447,129.0710602,130.4095612,128.8969574,130.1766663,121.4744644,119.8632736,122.2767334,120.5509033,122.5155563,119.9788208,120.5240936,137.7332306,135.6939392,134.4880829,135.3654327,135.4705048,134.7071228,136.6423798,127.9651337,123.2205505,123.6598358,126.0264359,124.4220428,125.6763077,125.2440491,136.6391296,134.5583954,136.1906586,137.5662994,134.3780975,138.5583038,135.8148041,118.388382,119.564888,117.6861954,120.7183228,119.2434006,119.1812592,119.4175034,130.1383209,132.0256042,129.7983551,130.7793732,128.933136,130.0505066,130.3260193,126.2297516,126.7831345,126.0606766,127.2531738,127.761322,126.6376801,126.4798203,138.8010712,139.8171997,139.8907623,139.3525543,139.3648376,138.6060944,140.2803802,123.2259979,123.2429276,124.0260925,123.2740402,124.4016113,123.7952194,122.5179977,132.9255371,133.4600067,132.2949982,133.750412,132.677948,132.0282593,133.2673645,119.2218857,120.1164856,118.8164215,121.4979248,119.2660522,120.490097,118.5363693,135.6230927,132.2931366,134.0125427,134.6743317,131.7203064,134.9432678,133.4883728,120.7407074,121.4557419,120.0063782,121.7910538,120.2605057,119.8180237,121.9466629,132.6752777,131.6739044,130.7721405,133.2457733,131.1594696,131.5892487,132.7319489,118.7547226,119.0716629,120.171875,118.5960693,119.4831924,120.0671692,119.3089447,131.9152222,130.5101166,132.8748169,131.3949127,131.4825745,133.4782104,132.2943726,118.9449387,119.2261124,119.1024399,118.3842697,118.5611801,118.7699356,117.5491791,130.1414642,131.0543976,129.9467468,130.1666565,129.8158264,129.3547058,128.1461792,123.6702957,122.9590454,123.9412155,124.5566177,124.0708847,124.5736313,123.6771774,133.0231171,133.0791931,133.3518219,133.1717224,133.6899261,133.3825226,134.6751862,117.3246155,116.5518112,114.7594299,117.9320755,118.0456696,118.1652985,117.8571396,134.9221954,134.4921875,133.3545227,134.2552185,130.2042236,132.9940643,129.8944092,122.4046555,122.1646652,123.7366714,123.7741165,125.2243958,122.7243576,122.5360718,133.786499,133.105545,133.2603149,133.0339966,133.4008179,132.9881287,133.2450562,120.5344238,119.5446472,119.5507507,119.2113266,118.220993,117.6688461,117.0056839,128.2716064,130.2658539,128.1879578,128.7755737,130.4740753,129.6930847,131.7878723,121.7488403,121.3111725,121.3817749,122.2724686,121.5951843,121.6125031,120.5680237,130.4935455,130.7937317,129.0184174,129.3642273,131.183136,129.0332489,129.134613
191,92.17421722,91.80588531,92.5867157,91.98799896,91.5086441,91.55199432,91.93590927,102.7114868,102.194397,101.9676361,103.266037,101.5884171,101.7531738,102.5442657,94.70911407,93.61898041,93.04930878,93.67300415,93.15875244,93.77384186,94.83804321,105.0887146,104.0248032,102.8502121,103.2369766,104.8953171,103.289711,103.0414581,93.32782745,95.42399597,94.30308533,95.40181732,95.0572052,96.85791779,95.97898865,105.2872696,105.607605,106.5484695,103.3815231,104.8284302,105.5934143,103.182312,88.43901062,89.78299713,89.86367798,90.615242,89.82394409,89.79133606,91.73282623,103.8424911,99.80680847,100.2605362,99.43431091,100.7314453,99.98616791,99.45880127,95.57358551,94.83541107,95.75021362,95.61522675,93.65878296,95.31111908,95.94869995,101.9795456,102.6932068,101.2699814,102.4766083,101.3051224,102.8509064,100.7891159,99.40855408,99.87659454,98.37261963,99.19603729,99.70938873,98.47111511,99.47522736,104.5051193,105.110611,105.3221893,104.5118713,105.5983047,105.0231934,105.8519745,96.79803467,98.81098938,99.39411163,96.72550964,98.81098938,99.39411163,96.72550964,106.0823822,106.8662796,104.0143967,106.4610977,106.0823822,106.8662796,104.0143967,94.74256897,94.95191956,95.43843079,95.2024231,95.07218933,95.30853271,94.49791718,101.4916382,102.44767,101.8734055,104.122963,102.53302,103.3940964,101.875,92.53897858,92.38815308,92.39718628,92.47100067,93.85526276,92.9469986,92.65996552,100.1534729,99.74812317,101.1413956,99.76435852,100.2659988,100.6761856,99.81368256,94.22903442,93.51873779,93.97083282,95.73686218,94.14030457,93.11595917,93.5845108,105.8872604,104.5792465,103.8996201,103.9402161,104.3594589,105.4853668,105.095871,96.90693665,96.83629608,95.89878082,98.19682312,96.68878174,97.71233368,97.75732422,104.2500381,104.1709366,106.9559784,106.5987473,105.7449646,106.309761,104.9356461,91.9278717,92.17205048,91.67048645,93.4958725,92.90019989,93.7153244,93.52661896,101.2959442,102.8489761,101.2781372,102.4076385,101.0722351,101.4501724,102.0739059,98.16452026,97.94258881,98.82196808,97.61702728,97.31687164,97.91509247,98.61607361,107.8027954,107.9600983,107.2526016,108.91716,108.4001617,107.4771423,108.3939972,95.41333771,95.86756897,93.87561798,95.08563232,96.03943634,95.83557892,96.02318573,102.4782104,102.3746948,101.8407288,102.6529541,102.8570557,104.0609589,103.7665329,91.90349579,91.51472473,91.75397491,93.56511688,92.15968323,93.69337463,92.70322418,104.004982,102.5739975,102.6218872,103.2201767,101.7679672,104.405304,103.7826004,93.31845856,93.2854538,93.41275024,93.9575882,93.78260803,93.00598145,93.7364502,102.1297302,102.4056473,100.5121613,102.4081802,100.7937241,101.3502197,101.3376236,90.99304962,92.09753418,92.7230072,91.16458893,92.32145691,91.98840332,93.10280609,102.1651611,101.4069672,102.5052795,101.506012,102.5066833,101.4274292,101.2249069,93.033638,92.43229675,91.19959259,92.44736481,91.1651535,91.96186066,91.63114166,100.0490189,101.503067,101.6436768,101.088768,100.270256,101.496582,100.8546524,96.28471375,96.97026825,95.38433838,96.73307037,97.46948242,95.83072662,96.40811157,101.6905746,104.6573334,103.8557434,103.4070206,103.685997,104.1235352,103.2685699,91.34480286,91.1205368,90.95816803,92.41983795,91.74424744,91.91975403,90.36847687,104.4206009,104.9640579,103.1850433,102.0404968,100.0137177,103.5397568,100.4999466,94.95368958,96.08929443,94.59354401,95.84385681,95.47514343,94.38669586,97.15857697,104.466568,104.1682816,103.9373398,104.7534256,103.0882492,103.5528946,103.7863083,94.11976624,92.2625351,92.98213196,92.24914551,92.02185822,92.25862885,91.83612061,100.2387695,100.522728,99.38414764,100.4283218,101.9784088,101.4361191,102.2452164,93.91261292,95.59883118,94.51397705,94.06968689,94.38712311,94.13490295,93.89664459,101.0577011,100.9915771,100.84552,99.40200806,100.3278885,99.35834503,99.02572632
