Wavelength (nm),CQD (a.u.),50pM (a.u.),100pM (a.u.),150pM (a.u.),200pM (a.u.),300pM (a.u.),400pM (a.u.),500pM (a.u.),600pM (a.u.),700pM (a.u.),800pM (a.u.)
350,807.7624512,393.9754944,687.4125977,355.2716675,369.3503723,810.2284546,501.9126587,366.9666748,723.5319214,724.6328125,718.0822144
351.0700073,894.0970459,427.5630188,764.583313,384.2236633,398.7004089,883.4710083,548.3565063,401.3638,801.7738647,805.0223999,794.3026733
352,856.0250244,402.3606567,732.425415,358.68573,373.8814392,842.4642334,524.3113403,380.9987183,763.8319702,767.2601929,765.5355225
353.0700073,704.3699341,333.0416565,606.8144531,296.8999023,307.4219055,699.5630493,443.3720398,318.781311,639.218689,639.6105347,630.5800781
354,508.8632202,242.9402161,451.4875793,218.987793,229.0771942,516.4442749,336.8204041,236.2395172,467.9431763,470.3748779,467.5444031
355.0700073,283.2938232,138.4611053,249.8313751,119.3297653,127.6604843,290.1069946,194.2559204,136.2453613,258.9274292,260.0776062,258.2112122
356,139.2465057,69.82314301,126.5719376,60.31867599,65.07500458,145.4123535,104.0277481,70.8572998,134.2144318,130.7245178,132.0556641
357.0700073,52.05955505,29.00702286,49.64466858,25.67277527,26.87499046,56.34467316,43.69628525,29.26545715,50.52138519,49.9017601,49.22721481
358,22.69582748,13.21923828,20.14744759,11.45267391,12.33318138,22.27963448,18.17870712,13.22025776,19.80502701,19.92272568,20.42374039
359.0700073,8.28037262,5.804359913,7.16489172,5.314974308,5.470619202,7.864580631,6.200982094,5.843175411,7.54892683,7.292021751,7.114900589
360,5.713877678,4.066793442,4.760166168,4.007204533,3.921903133,5.419089794,4.405286312,4.03006506,5.181274891,5.119876385,5.019412041
361.0700073,5.260495663,3.736130476,4.886527061,3.928318501,3.641073704,5.103471756,4.123052597,3.680434704,4.546609879,4.544231892,4.492451668
362,5.108464718,3.996328354,4.76380682,3.889748573,4.02791214,5.028123379,4.264974117,3.72247076,4.676888466,4.69564724,4.615427494
363.0700073,5.299242973,4.367495537,4.60359478,3.893260956,4.047780991,5.073502541,4.453789711,3.909590721,4.618302822,4.88984108,4.277845383
364,5.241724968,4.451934814,5.001690865,4.213524342,4.178156376,5.305379391,4.396966457,3.987802267,4.888541222,4.759230614,4.594503403
365.0700073,5.393866062,4.592112064,5.336882114,4.611868858,4.255674362,5.235011101,4.625333309,4.032548428,4.962330818,4.913593292,4.732149124
366,5.431406498,4.932729244,5.466540813,4.590444088,4.746118069,5.514418602,5.116146564,4.40937233,4.756556034,5.001695156,5.25783062
367.0700073,5.572463512,5.157980919,5.32079649,4.815673351,4.844741344,5.72277832,5.265704632,4.793426037,5.102534771,5.091850281,4.914586544
368,6.004050732,5.30773592,5.938308239,5.069815159,4.913761139,5.860228062,5.366067886,4.793615818,5.39050293,5.377189636,5.415136814
369.0700073,6.001840115,5.64726305,6.074813366,5.474144936,5.30921793,6.079496861,5.718420982,5.240570068,5.472561359,5.683647633,5.892671108
370,6.512814999,6.026231766,6.438228607,5.816485882,6.173652172,6.477542877,6.124507904,5.678233147,5.855279446,5.952718258,5.792923927
371.0700073,6.619085789,6.455918312,6.993729115,6.278795242,5.951665401,6.852962494,6.175123215,6.005115032,6.30295372,6.466767788,6.394927979
372,7.341509819,6.710264206,7.169880867,6.168935776,6.581022263,7.032486439,6.514421463,6.314229012,6.635573864,6.819047928,6.637476921
373.0700073,7.651669502,7.013829708,7.904972076,7.278369427,6.661752701,7.569087505,7.179932117,6.735826969,6.996249676,7.420960426,6.889220238
374,8.013461113,7.574654102,8.216495514,7.357793808,7.486830235,8.019291878,7.649113655,7.161036968,7.577766418,7.425458431,7.118470669
375.0700073,8.61651516,8.111223221,8.913767815,7.745414257,7.921973228,8.55678463,8.042551994,7.65990591,7.881155014,7.845762253,7.744944096
376,9.256472588,8.441802025,8.991983414,8.501176834,8.277998924,9.008343697,8.731090546,8.00992012,8.638970375,8.44973278,8.776387215
377.0700073,9.499781609,9.343103409,9.996034622,8.988223076,9.228377342,9.779986382,9.156302452,8.356668472,8.811289787,8.766168594,8.888768196
378,10.1024456,9.635867119,10.48912621,9.734226227,9.550909996,10.26855087,9.63777256,9.206130028,9.748472214,9.916040421,9.396156311
379.0700073,11.21307659,10.40495777,11.28923321,10.28489017,10.41546726,10.50630665,10.48797989,9.754106522,10.4150753,10.2850132,10.01526165
380,11.9108696,11.53181362,12.31207466,10.92818642,10.87751961,12.39446735,11.30033684,10.61954308,11.18250847,10.83908939,10.94766617
381.0700073,13.69863033,12.88087654,13.0563879,12.35669994,12.35681915,13.30951786,12.61430836,11.73309326,12.25663948,11.80400276,11.67336464
382,15.09857559,13.70597839,14.42113018,13.28937244,13.21371269,13.66581535,13.05161095,12.50654411,12.3909111,12.3571558,12.6256752
383.0700073,15.9666872,14.86999226,16.38153839,14.33362961,14.50261307,14.98645592,14.35250282,13.77402592,13.89723015,14.24481201,13.42495728
384,17.56651306,16.51063728,17.2623291,16.26730537,15.46668911,16.36665916,15.75285721,14.92066193,15.06539345,14.74332047,15.30661201
385.0700073,20.07897186,18.72697258,19.13048363,17.92582893,17.95169449,18.71156693,17.45682526,16.69701576,17.05851173,16.76256752,16.24659729
386,22.26046562,20.91800308,21.59975243,20.50725555,19.42644501,20.26518822,19.68380547,18.44440079,18.81808281,18.55771065,17.84079933
387.0700073,25.54857635,23.73590088,23.55460358,21.93552017,22.13919067,22.17311287,22.47889137,20.80818939,20.57386589,20.39130783,20.5537262
388,28.18441963,25.96580887,26.64333153,25.3379097,25.02492714,25.06586266,24.38682175,22.28751183,22.52239227,22.70705414,21.92488289
389.0700073,32.48427582,29.61891747,30.58612633,28.41773033,28.3381691,28.41794586,28.36027908,25.66900253,26.04592705,25.41704369,25.10524368
390,36.4335289,33.2653656,34.28753281,31.83043289,31.64612579,32.44184113,31.42550659,28.81079102,29.91397858,28.56609917,27.98649216
391.0700073,43.41176224,39.18354416,38.67699051,37.53585052,36.96302414,38.22503281,36.56064224,33.93326187,34.19876862,33.00296402,32.26564026
392,48.31758881,44.43654633,43.66591644,42.02598572,41.73420715,42.16850281,40.57663727,37.15027618,37.22553635,36.6587944,35.92469788
393.0700073,57.10968781,51.48997116,50.73427582,48.99921417,48.88531494,48.13481522,47.75881958,42.87945175,42.37804794,42.28642654,40.59051132
394,64.1764679,57.31345749,57.03746414,55.22151947,53.70078659,54.28878403,53.1076355,48.35514069,48.09938049,47.09031296,45.70192337
395.0700073,74.99575806,67.23324585,65.45592499,63.7053833,63.17531967,64.17779541,61.8362999,56.24581909,55.28023148,55.15546799,54.0626564
396,86.68666077,77.68171692,74.96089935,72.97883606,72.27813721,73.40455627,70.2293396,64.40107727,63.18436432,63.20005798,61.01054001
397.0700073,98.37837219,87.9533844,85.72212982,82.92233276,80.23778534,81.94513702,79.92501831,72.80168152,71.36907959,69.96836853,67.85643768
398,110.3535767,99.28133392,96.44706726,93.84716797,91.38285828,91.73329926,88.95637512,80.94710541,78.93434906,77.71900177,76.9686203
399.0700073,127.3871994,113.4606247,111.0504761,106.243866,105.8000717,105.270668,102.1210556,91.95576477,91.03398895,89.19927979,86.8092804
400,142.4618073,127.2714157,123.1912155,119.5822296,118.0638885,118.3558884,113.8125534,104.4229126,101.5394363,98.96379852,95.56208038
401.0700073,163.4281769,144.4437866,140.5888519,137.2924652,133.7204285,133.0454865,129.0374146,117.0460892,114.9638367,112.9150696,108.56884
402,178.7541962,158.8787689,153.5283813,150.7020721,147.9113922,145.8467712,140.3212433,128.5884552,125.8261948,123.9897461,119.1439972
403.0700073,204.6981354,180.3097992,171.8563538,169.1421509,165.2848206,166.4938507,159.0682526,144.2520447,141.1018219,138.6538391,133.1603546
404,224.6198425,195.5082703,190.6621399,186.889679,181.5556488,182.8403625,175.7575684,159.3103333,155.7672577,152.3487549,147.5322266
405.0700073,252.5700989,221.5409241,213.853714,207.9961395,203.4546509,201.996109,195.699707,177.9102478,173.7982635,169.7567902,164.3360596
406,278.7645874,242.6750793,235.6869354,227.8375702,222.9231873,223.3571014,215.4974213,193.4944153,190.4092407,188.1617584,180.8692627
407.0700073,304.8189087,266.497467,257.3962708,252.1495819,246.0396881,243.2938232,238.4585266,212.849762,207.3670807,204.790329,195.7332764
408,331.5242615,290.9668579,280.3492126,274.7528076,267.5991516,265.8256531,258.1602478,231.1070709,226.1364288,221.0876617,213.6242981
409.0700073,367.3901367,320.8200073,309.1731873,302.8323059,295.3360291,293.2610168,282.6442261,254.6127472,248.3773193,246.2139893,235.0349274
410,392.6079407,343.7358398,332.067749,323.8515625,317.1421814,315.5638123,305.5267029,276.2184143,270.0198364,263.2832031,255.9147797
411.0700073,427.4776001,377.0673523,360.5816956,353.8586731,345.2300415,339.911377,332.2141418,300.5906372,292.7341003,286.3576355,274.7335815
412,456.7748718,399.076355,385.182312,376.6287231,367.4461365,366.6791992,351.6931152,317.9115601,308.0478516,304.8106689,293.0328674
413.0700073,491.4412842,430.5271301,416.3972778,402.5831604,397.0598755,392.0433655,381.3266907,343.0532227,333.7825623,329.3170166,313.4714355
414,526.7921753,460.5621033,443.3790894,433.9390869,423.9335938,420.1485901,404.5063782,363.6970215,355.7584839,351.9987488,338.0886536
415.0700073,557.8421021,491.4004822,474.1913452,460.909668,450.4655151,450.8819885,429.5258484,387.5214844,379.5259094,371.5945435,359.1908569
416,588.6976929,516.8214111,496.6026001,483.7742615,473.0931396,470.6749878,454.7008057,407.733551,396.6005249,391.9754944,377.8620911
417.0700073,618.8639526,540.7053833,521.9862061,509.1146851,498.2279663,496.0435791,478.5054321,428.7175293,417.8868408,413.8890076,396.2755432
418,646.5912476,568.8894653,544.84198,531.4216309,522.437439,516.4249268,500.2290039,448.7875671,440.2896423,432.9644775,416.8244019
419.0700073,683.9840698,599.2199707,575.0491333,559.9573975,545.2351074,546.0467529,525.6538086,471.0835266,463.2149353,453.5101929,437.1860046
420,704.8670654,619.0030518,599.0551758,582.7984009,568.7559814,568.0200195,547.6364746,490.1919861,479.9498291,474.4477844,453.7888489
421.0599976,734.9074097,645.133667,621.2370605,605.1658325,591.1280518,588.9526367,563.9233398,511.0357971,501.3270874,493.425354,472.3676453
421.9599915,755.9822388,662.3964844,642.0405273,625.6443481,609.8231812,608.8140259,584.1030273,527.5366821,518.2808228,509.7410583,487.3328552
423.0299988,780.1144409,687.390564,662.9163818,648.1628418,633.1266479,627.5546875,607.0507813,546.904541,537.690979,524.5864258,507.53302
423.9299927,804.5404663,707.2016602,684.2788696,667.5250244,653.2874146,650.1481323,623.5791626,563.1447754,554.1265869,545.9379272,524.3088989
425,828.84375,732.2493286,704.8500366,691.458252,670.2497559,667.8225098,644.0668945,581.7921753,569.7139282,558.1903076,539.6560669
426.0599976,846.9226685,747.4705811,721.5391846,707.6549683,686.175415,685.3734131,662.260376,594.7667847,582.5404663,572.5803833,552.2680054
426.9599915,860.7286377,761.6712646,732.6812744,716.8009033,701.1063843,696.1871948,674.2936401,603.0088501,594.2470703,585.5668335,563.503418
428.0299988,880.0905151,781.8296509,748.527771,731.475769,717.2098389,711.7161255,684.3687134,619.8516846,607.3572998,595.8016968,575.3512573
428.9299927,894.6942139,790.2576904,763.8720703,743.5639648,729.7834473,723.0077515,700.2567139,633.8421631,618.5112305,606.4354858,586.6138916
430,909.2400513,809.0057373,774.9538574,760.7661743,745.2200928,737.3859863,712.8342285,643.3741455,633.1810913,622.9849854,599.5819702
431.0700073,920.9428101,821.4682617,788.8527832,771.9129028,750.2681885,747.6516724,723.3756714,654.3617554,640.8977051,630.3540039,605.9718628
432,933.6110229,826.1738281,796.8737183,779.5569458,758.8529053,753.9679565,729.8529053,660.7821045,648.1699219,637.4962158,616.9619751
433.0700073,941.9562378,834.2313843,804.5410767,787.4970093,769.1442261,764.2051392,737.0142212,670.3104248,658.2137451,645.170105,621.9328613
434,948.9489746,844.2330322,809.6387939,794.9161987,775.7546387,773.2055664,745.5031128,675.7648926,660.2844238,650.9265137,628.6523438
435.0700073,960.8935547,850.6283569,812.3125,801.1191406,785.0970459,778.8812256,752.5820923,691.1740723,669.3256226,656.9352417,635.7676392
436,962.1087036,853.5449829,821.9397583,807.6415405,789.7158813,781.8032837,760.6964722,684.4680176,672.1239014,659.4274902,637.2322998
437.0700073,973.1221924,862.1252441,824.8134766,814.241394,793.6002808,789.312439,764.9078369,691.1201172,675.8569336,665.2376709,644.260498
438,968.7710571,864.781189,830.4953613,814.5491943,800.0516968,793.369812,766.4179688,689.3583984,682.0926514,674.0322876,650.1923218
439.0700073,973.6293945,865.7686157,829.2140503,816.3361206,800.803833,794.3421021,772.3859253,698.6425781,681.4615479,676.2632446,648.6762085
440,977.5732422,869.1328735,834.3818359,823.2713623,802.5408325,797.765564,773.9055786,701.0460205,687.920105,680.822937,650.8343506
441.0599976,977.7538452,875.8170776,839.3256836,826.6960449,804.6256104,799.4129639,778.159729,704.3484497,689.5238647,678.2608643,654.6517334
441.9599915,977.3659668,873.6385498,839.6282349,823.1616821,805.5500488,801.3676758,776.6828613,704.0018311,688.8287354,681.4663696,653.4865112
443.0299988,979.3721924,876.1809692,833.4700317,824.5305176,807.1622314,807.8436279,779.5639648,704.2150879,691.9368286,682.6878052,656.539917
443.9299927,978.9841309,877.4968872,838.5336914,824.9241943,806.0631714,800.3295288,776.0050659,705.8267822,689.1548462,679.7020874,658.6816406
445,976.0787964,873.2612915,840.5177612,827.1573486,802.9156494,802.0128174,782.600708,704.1481934,690.7762451,684.9717407,662.5466919
446.0599976,974.4706421,871.2064819,843.0946655,824.77948,801.7614746,804.5094604,780.0690308,706.90979,693.4173584,682.7832031,659.4719849
446.9599915,975.7054443,873.7752686,840.0314331,824.4614868,803.4505005,797.6513672,778.5155029,704.9241333,690.7171021,680.5604858,658.6498413
448.0299988,969.5098267,869.050354,835.0721436,819.8133545,800.6273193,801.7487793,774.2645264,701.1574707,689.3004761,680.4780884,655.4855957
448.9299927,965.6427612,865.4051514,831.984375,823.7654419,800.255249,794.7197266,770.5734253,703.6073608,687.7811279,678.1437988,653.8528442
450,960.5736084,864.9867554,825.3932495,814.3173218,796.6696777,791.5475464,767.5131226,698.6491089,683.1890869,676.6107178,653.213562
451.0599976,956.7007446,855.4890137,826.5335083,809.1790161,790.8535156,787.0884399,764.815918,694.0560913,683.7796021,674.170105,651.861084
451.9599915,949.7677612,848.6781616,821.7293091,803.9483032,788.4260254,783.9740601,763.4034424,691.0869751,676.0581055,669.9038696,646.102478
453.0299988,941.9504395,844.1469116,810.6231079,797.6067505,784.0835571,776.8605957,757.2064819,687.4002686,675.220459,662.7659302,639.8162231
453.9299927,932.4405518,842.3707886,808.3554077,793.9425659,773.5159912,772.1925659,747.7002563,682.3366699,669.083252,661.257019,635.7810059
455,922.0184937,829.7160645,796.2160034,788.3397217,765.6088257,763.3887939,738.9883423,674.4176025,659.3945923,654.9101563,631.7431641
456.0599976,914.5283203,823.9612427,791.1542358,780.293335,763.1486206,757.7271729,735.6213989,669.7457275,656.3741455,648.0125122,626.4647217
456.9599915,905.2367554,814.8738403,783.8026123,775.9741211,752.8789063,750.7281494,731.9206543,660.1972656,649.5070801,643.468811,621.9867554
458.0299988,889.6694946,803.4589844,774.2870483,758.9777222,744.9336548,741.7232666,718.0527954,651.9394531,640.644165,638.5532227,614.0748901
458.9299927,884.6420898,791.8936768,766.0205688,751.0413208,736.298645,726.8909912,709.5712891,645.085022,634.4906006,624.4057007,603.826416
460,872.3494873,783.2392578,755.9320679,741.4692993,725.140625,722.5183105,699.6317749,636.1715698,625.4163818,620.5772705,595.9349365
461.0599976,853.5057983,769.6984863,743.9255981,732.3388672,716.2854614,712.8748779,691.5981445,630.0743408,618.5401001,609.5831909,591.7276611
461.9599915,844.7692871,756.1525879,731.7076416,719.4838257,706.0393677,704.006897,680.0812988,619.9422607,609.161438,603.2991333,579.3334351
463.0299988,825.9325562,746.5217896,721.7717896,709.9107666,693.0373535,686.508728,669.5427246,610.0627441,600.4482422,589.578125,571.8300171
463.9299927,809.4057617,731.7193604,710.522583,695.3236084,681.0480957,677.5947266,655.8926392,597.8602295,589.3458862,581.8166504,562.9776611
465,797.5155029,720.2677002,695.7880859,685.5195313,668.166687,667.7354736,646.8330078,589.1801147,579.3116455,572.4918823,556.3682251
466.0599976,784.8598633,709.1687012,684.380127,670.1195679,656.4829102,655.0050659,635.1629639,580.9241333,569.4397583,563.3017578,542.9110107
466.9599915,771.7186279,696.7391968,672.5653687,659.5811768,645.1428833,643.491394,620.553833,569.272522,558.6209717,553.737793,534.1356812
468.0299988,750.0470581,680.838623,656.3764038,645.1237183,628.1072388,629.9609375,608.703125,556.1268311,547.7609253,542.3083496,523.6089478
468.9299927,735.8408203,666.7711792,642.5170288,633.0282593,614.5996704,618.0274048,599.1096802,545.7623901,535.6004028,530.7858887,511.9823914
470,725.0576782,656.4421997,631.1860962,619.5388794,607.2681885,605.0531616,587.4462891,534.5669556,525.2393188,520.7628784,503.1127319
471.0599976,708.3280029,637.2012939,621.0029297,605.4716797,590.8305054,594.3945313,574.3512573,524.4227295,516.2333984,511.7409363,491.7644958
471.9599915,693.1680908,627.5553589,607.3554077,599.282959,585.4959106,582.6795044,563.7287598,514.4497681,506.3846741,501.8382568,484.328949
473.0299988,674.2854614,613.4353638,592.0018311,580.2563477,567.9768677,567.9501953,552.3847656,502.5777893,491.9863892,490.3347778,471.359436
473.9299927,655.4158936,597.1694336,578.3930054,564.0511475,557.2215576,556.9437866,539.5698853,492.0507202,483.3557129,476.2037964,461.1212769
475,645.3015137,582.3626709,563.3300171,554.9966431,547.0686646,541.1167603,527.6188965,479.0493164,474.2521057,466.5878601,454.2039185
476.0599976,632.2648315,571.4510498,551.0603027,541.835083,528.4524536,529.5310669,515.1689453,468.9841003,462.9379578,456.4812927,443.4797058
476.9599915,617.5651855,555.7119751,540.8735962,527.572937,518.8741455,519.0978394,505.447937,458.6439819,450.5315247,446.3306274,433.462616
478.0299988,600.6571655,541.7277832,528.380188,514.8237305,503.753418,505.6453857,491.1009521,444.158844,438.9578552,434.96521,423.3588867
478.9299927,586.3464355,527.7121582,511.9392395,502.7573242,490.6351013,494.1875305,477.7503967,434.6498413,428.677063,422.3547974,408.4810791
480,573.5631714,515.8798218,499.5307617,491.2695313,480.9533081,481.0165405,468.5166626,426.8455505,421.065979,413.3881836,401.8294678
481.0599976,553.6079712,504.6618042,484.3444214,477.7967529,469.0255432,468.334198,450.2359009,413.7906494,406.3011169,403.7059631,391.5170593
481.9599915,544.057251,494.4162598,474.8962708,465.0734558,454.5138855,458.0814514,441.6382751,404.1809387,398.9610901,394.0117188,379.0900574
483.0299988,522.3131714,478.7418823,458.1326904,452.755127,443.1156006,442.6368103,434.0757751,395.0114136,386.0462646,381.4804382,368.3465881
483.9299927,509.170166,466.8065491,451.6952515,442.1464844,430.2973633,433.2286987,419.8526001,385.2868958,377.1830444,371.7965088,359.6852417
485,495.8178101,451.570282,436.8713989,430.7983093,423.5674438,421.6949158,410.2138367,373.5349426,365.0315552,364.8553162,352.2730408
486.0599976,483.4602966,437.9443054,425.0031128,418.0370178,408.8704224,409.7082825,396.7408752,364.1119995,357.3536072,353.1108093,341.0803223
486.9599915,468.2671814,427.2311707,411.940033,405.9676514,398.0287476,396.3271179,387.1220398,353.9345703,347.1248779,345.1143188,332.7119141
488.0299988,453.3322144,415.9814148,401.9140015,395.0048218,386.6246643,387.7073975,374.6264343,342.379303,337.7376099,334.9358215,323.7062073
488.9299927,442.1118164,403.6960449,389.8316956,385.5897827,377.2319946,377.886322,365.6462402,332.0289612,328.1647034,326.7564392,314.1216431
490,433.1793213,393.3442993,378.9034729,373.7879028,366.2687683,367.0050354,357.7313232,327.2341614,320.2633057,317.7304688,307.3373108
491.0400085,418.8369446,382.2201538,366.4027405,363.7398682,355.420166,358.0377197,346.1598206,315.6464844,308.6877441,308.4381714,301.2826233
491.9400024,406.0844727,370.6271362,358.8750305,351.2930908,346.4862671,344.5536499,337.4951172,306.551178,299.8532715,299.9060059,289.7127991
492.980011,389.6263733,359.7918091,344.739502,342.5090027,334.9372253,334.374115,323.2563171,295.5533752,292.2211609,290.072113,279.3634949
494.019989,380.4075317,347.6226807,336.2468872,331.190094,326.2069397,326.6960754,314.7377625,290.2336426,283.5975342,281.7188416,272.514679
495.0700073,369.6715088,342.2355347,325.4356995,321.8356934,313.8350525,313.3303528,305.0149841,279.4927063,275.7475586,273.5520325,265.412384
495.9700012,361.4120789,330.5180054,317.5776062,314.787323,305.7944946,307.6499939,296.892334,274.2902832,271.6628113,265.8629761,258.1124573
497.0100098,349.0644226,316.9184875,307.6113586,304.4130249,295.9896851,297.585968,288.6036377,263.7930603,259.0157166,257.9908142,247.858963
498.0499878,334.1164856,308.5809631,296.856842,293.5964661,286.7600098,286.6033325,276.5444946,255.0975037,251.0992584,251.3255768,241.6994171
498.9500122,329.2357178,299.604126,287.5899048,286.0484924,281.454834,279.9075317,272.617981,246.88797,245.2585602,242.8605347,237.2909393
500,316.2653198,292.8968201,281.4121094,275.7832031,272.6929321,273.0873718,263.6720581,241.9874725,239.3320923,234.1713867,229.5530243
501.0599976,306.3529358,283.2613831,271.2193604,268.1652527,262.0461731,264.0271301,255.5033264,234.7532959,229.8159943,230.383316,221.4592743
501.9599915,296.9128113,275.8443909,264.3944092,259.9815369,253.6490021,252.7177582,250.1938019,227.4994354,222.7577515,223.1006317,214.7475433
503.0299988,286.661438,264.2507935,255.4375,249.9681244,246.7476959,245.9518585,239.8878937,219.8406525,214.2150879,214.6979828,207.8736267
503.9299927,281.1363525,255.5809326,248.6981506,246.5572052,238.0898743,240.7784119,233.8352356,213.2539825,210.0820007,208.3443146,202.9882202
505,269.88797,248.4889984,242.4902496,236.1950378,232.3627319,230.2299347,224.8004761,206.1798706,203.2644806,201.5409088,196.1468201
506.0599976,261.3851624,240.8512573,232.8305359,229.8591461,224.9004974,225.5500488,216.1338654,199.1053314,196.3152313,194.4836121,188.0986938
506.9599915,252.8725891,230.6832275,226.651886,220.7620239,216.8162384,218.3136292,210.7698059,193.9239349,191.5418396,190.1927032,184.257019
508.0299988,243.5870361,224.0221558,217.1740875,214.5402679,210.3041382,208.593338,205.6679077,186.7004242,184.0814972,183.2372742,177.3683929
508.9299927,238.1639862,220.3554688,210.7402039,209.3448944,203.1146698,205.4615326,199.2178192,183.275116,179.8447266,177.9681702,171.994812
510,229.2804108,213.0213928,204.4771729,201.2628021,197.5909729,197.098877,191.5340729,176.254715,172.5489044,171.6221466,165.789032
511.0400085,219.1845093,203.972229,197.148407,196.4643707,190.5397186,190.4775085,184.6290283,170.8479614,167.143692,165.8949432,161.1677246
511.9400024,215.0396729,200.5604095,192.0999908,190.0909271,184.6038666,184.0582275,180.8194122,164.0678253,163.0406952,161.8791199,155.9598541
512.9799805,206.8407135,191.219986,185.0366974,182.3167419,178.7892456,180.0910645,174.2701263,159.2412872,157.5931549,155.9368896,150.816391
514.0200195,200.8683014,184.5402527,179.9503937,176.0656738,171.9156036,172.9196167,168.6514587,153.6622009,152.1193542,152.1681976,146.8739166
515.0700073,193.1813354,180.5797882,172.2834015,170.2744751,166.9164124,168.3881226,161.9730377,148.7246704,147.4448853,146.7637634,141.5805359
515.9699707,188.4011688,172.2447815,166.687561,165.4581451,160.3660583,161.2246399,158.1582642,143.5183868,140.8863678,141.8597717,135.5719452
517.0100098,181.2924042,166.2019653,161.7764587,157.4389496,155.6243744,155.2825165,152.8591461,139.2272339,136.8644409,136.6623688,130.8131714
518.0499878,176.56073,159.8269653,157.0423889,153.3748474,150.8735504,150.8155365,147.3251801,134.1069946,131.8223877,132.3852234,126.8384171
518.9500122,168.7071381,157.1382446,151.1611786,150.9902039,147.5617523,147.2739716,143.2128143,131.0098114,128.0990601,129.4774933,123.9801331
520,163.9536438,149.9483948,145.752243,143.29216,142.4644318,141.7702637,136.5506287,126.2588959,124.1193237,123.498558,120.2100983
521.039978,157.6426239,144.0404053,141.3700867,137.9735107,135.6091461,136.5375519,132.4295349,121.4738541,120.2663269,117.3874817,115.0654755
521.9400024,152.5553131,138.7835388,134.7033234,134.2316742,130.5973206,130.345993,127.2615662,117.2765274,115.6833344,115.7241364,110.714035
522.9799805,147.105896,136.2769928,131.7294922,130.0590515,126.9226379,127.5042267,124.2401047,113.5388107,110.7062302,112.7851563,109.2800446
524.0200195,142.006897,131.8757324,128.0605774,125.6798477,123.2282639,123.7473755,120.5991211,110.3989334,108.1814728,108.1516953,104.0226898
525.0700073,136.5104218,127.08078,123.7410889,121.2950592,119.2259445,119.2008286,114.9456482,106.686615,105.0530167,105.0602951,101.7240677
525.9699707,133.1568909,122.9693222,119.9349365,117.3190613,114.9283829,116.2774658,112.3475342,103.5902939,101.762413,102.5997391,97.82546234
527.0100098,127.3116455,116.5882874,113.7478714,112.1340332,109.7621918,110.4624252,106.9338608,98.85413361,97.40093231,97.50957489,94.11338806
528.0499878,124.1728973,114.7952347,110.6590042,109.037674,107.8789749,106.9750977,104.5698318,96.67860413,93.71790314,93.78702545,90.57653809
528.9500122,118.8382721,112.0456238,107.6144943,106.4910736,102.9090881,104.5948105,101.4800339,93.68458557,91.2539978,91.51964569,88.05767822
530,114.9509735,107.9277039,103.0844955,101.9380798,100.088089,99.1344986,98.15015411,90.05989838,88.91331482,86.68950653,85.55523682
531.039978,110.7512741,103.0957947,100.6861725,98.11251831,96.02007294,96.63699341,93.33296204,86.12738037,85.45128632,84.16372681,81.81268311
531.9400024,107.0681,100.0525284,97.06179047,95.57230377,92.36064911,93.40310669,91.93531799,83.77294159,83.13829041,80.65272522,79.88378143
532.9799805,104.5436401,95.50522614,93.32817841,91.97223663,90.32286072,90.41267395,88.45698547,80.88413239,78.49617767,79.78157806,76.58280945
534.0200195,99.36287689,92.55936432,89.50180054,88.61621094,87.18588257,86.56270599,85.69367981,78.27626038,76.61018372,76.58946991,73.83540344
535.0700073,96.01909637,88.97422791,87.48752594,84.31381226,83.28987885,83.29463959,82.10614777,75.41556549,73.68512726,74.47460175,71.33203888
535.9699707,93.85417938,86.18544006,84.16590881,83.35906219,80.83311462,80.86473083,79.59896851,72.58975983,71.45676422,70.69856262,69.17919922
537.0100098,89.28995514,82.9978714,80.57715607,79.13385773,77.80039978,78.71372986,75.66178131,70.0094986,69.48117828,68.10694885,66.55538177
538.0499878,86.39839172,80.41537476,77.82212067,76.63062286,74.98892975,75.25914001,73.40480804,67.99864197,66.31990051,65.66955566,64.42404938
538.9500122,83.36647034,77.09149933,76.3699646,74.83321381,72.71440887,72.58271027,70.73139954,65.29699707,64.50315857,63.80119324,62.01286697
540,80.41423035,74.3609314,72.95904541,71.29518127,70.27497101,70.42649841,68.79456329,63.49296188,62.7623558,61.84156799,59.48222351
541.039978,76.54652405,70.50826263,70.4311676,68.8853302,66.65818024,67.38555908,66.33083344,60.13503265,59.62934494,59.82820511,57.32833862
541.9400024,75.31729126,69.33307648,67.56425476,66.94578552,65.92848206,65.65719604,64.10939789,58.72544098,57.79486465,58.19455338,56.02629852
542.9799805,73.56797791,68.19702148,65.45698547,64.62168121,63.29472351,63.31739426,61.59536743,56.44035339,55.36078644,55.35988998,54.07733917
544.0200195,70.18644714,64.9227066,63.26089096,62.61835861,61.8585968,61.40287781,59.65013123,54.72492599,54.22102356,53.39406967,52.21684647
545.0700073,66.98852539,62.10403061,60.8521843,59.63659668,57.9209671,57.71819687,57.03432465,52.21414566,51.61798859,51.27622986,50.45791245
545.9699707,64.53216553,60.47576141,58.69173813,56.16682053,55.94676971,57.90488052,55.73357773,50.47849655,49.41872787,50.74105835,47.72647476
547.0100098,62.60270691,58.61180878,56.49431229,55.0483284,54.67200851,55.69246674,53.49208069,48.93042755,48.34565353,48.19293976,46.26394653
548.0499878,61.00517654,56.12161255,54.12592316,53.52144241,52.08924103,53.19668579,51.82221222,46.92839813,47.35383606,46.59140396,44.77611923
548.9500122,58.37082672,54.26345825,53.05960464,51.60414124,51.56691742,51.14015198,49.85072708,45.89429092,44.7035675,45.59077454,43.83178711
550,57.23185349,51.92379761,51.13363647,50.54509354,49.03394318,49.86741638,48.11828995,44.05008698,44.26416016,43.2349968,41.50437546
551.039978,54.39217758,50.08274078,49.28149414,47.42575836,46.93032455,47.03188705,46.27409744,42.1711235,41.97310257,40.85845184,41.0255661
551.9400024,53.00743866,48.64624405,48.20659256,46.697155,45.67648697,46.21764374,45.21243668,40.96647644,40.18637085,40.73871994,38.95772171
552.9799805,50.05701447,47.85050964,46.65886688,44.87314987,44.22748947,45.24090195,42.99692154,40.01644897,38.53392792,39.38912582,37.54940796
554.0200195,47.86034393,45.19080734,45.0888443,43.12668228,42.64134216,42.09105682,41.52016449,38.77287674,37.80791092,38.18706131,36.97054672
555.0700073,47.49760437,43.50126266,42.13989639,41.37546158,40.36727142,41.04966354,39.80401611,37.74608231,36.05570221,35.66490936,35.17293549
555.9699707,45.07897568,42.45283127,40.94112396,40.69587326,39.85522842,39.61499786,37.95210648,35.73883438,35.13498306,34.95335388,34.06935501
557.0100098,43.73181915,40.2801857,39.75937271,38.5434494,38.29362106,38.36280441,37.74629974,34.71489334,33.33286285,33.7109375,32.71632385
558.0499878,42.28141403,39.43610001,38.82128525,38.01699448,36.96828842,36.59134674,36.23339462,33.18259048,33.08719254,32.80766296,32.16277695
558.9500122,40.82792282,37.8283844,37.54261398,36.06871796,35.28607941,36.39056396,35.76654434,31.7610321,31.80443954,31.56619072,30.34282112
560,39.09103775,35.46295547,35.48101807,34.93523407,33.56963348,34.11926651,33.25328445,30.86861801,30.34048653,29.85179901,29.52717018
561.0200195,37.55260849,35.56279755,33.92349243,32.96947861,33.10774994,33.16402054,32.28271866,29.81459618,29.36327362,28.60293961,28.30768394
562.0499878,35.73734665,34.18324661,33.15374756,32.50093079,31.87159538,31.74199486,30.95077133,29.07595634,27.89929008,28.28695869,27.04840088
562.9400024,35.97183609,32.97511673,32.37922668,31.90001869,30.34951019,31.23789215,30.10996056,27.88227272,27.93961334,27.18211174,26.34176636
563.9699707,34.04590225,30.80379105,30.56117058,30.36779404,29.51862717,29.63413429,28.94887543,26.65720367,26.02851295,27.16597366,25.81926346
565,32.51385498,29.78607368,29.10725594,28.8251133,28.74902916,28.58097649,27.6011467,25.89599037,25.55465508,25.2673893,24.42999077
566.0200195,31.79087067,29.32899666,28.73356819,27.57028198,27.22965431,27.46782303,27.00023651,25.11101341,24.63272667,24.43985939,24.29309845
567.0499878,30.30431366,28.51355553,27.92506599,27.26858711,26.36899567,26.60261154,25.93753433,23.82913589,23.59421921,23.45806885,22.35091019
567.9400024,29.74548149,27.29893112,26.74836349,26.434021,26.19963264,26.37202835,25.34787178,22.94438744,22.82559967,22.78488159,22.36977005
568.9699707,27.97458267,26.22725677,25.96301651,24.67459869,24.87146568,24.34498978,23.91802788,22.06776237,22.30736923,21.88662148,21.0551548
570,27.30346489,25.39633369,24.22159958,24.23279381,23.94668007,24.02678108,23.06306648,21.59461212,21.28876495,20.72908211,20.09337807
571.039978,25.83476448,24.31134415,24.25856972,23.86135292,22.3943882,22.40224075,22.42064857,20.73023796,20.53847504,20.36536598,19.72489929
571.9400024,25.05233955,23.49862099,23.26460457,21.88232994,22.29986572,21.91628838,21.6492424,19.82914734,19.95633125,19.42294121,18.78953171
572.9799805,24.09185219,22.11643791,22.19317436,21.65846634,21.01568604,21.62510872,20.77059746,19.21497536,18.91963768,18.43480682,18.47974205
574.0200195,22.82608604,21.71213341,21.27298164,21.49390411,20.74483299,20.50843811,19.9952755,18.67725563,18.60425949,18.40534973,17.56330299
575.0700073,22.46985626,21.0661602,20.65937805,19.65488243,19.89203453,19.75567245,19.95823288,17.78675842,17.56324387,17.65137863,16.89756203
575.9699707,22.11374855,20.21174049,20.00725365,19.54169464,19.24218369,19.28397942,18.67645645,17.55443573,17.02238083,17.38451767,16.59401512
577.0100098,21.1783905,19.67657089,19.65337181,18.86214638,18.94473076,18.7668705,18.23332596,16.9638176,16.2110157,16.62347031,16.17798615
578.0499878,20.38733101,19.11760712,18.35264778,18.35613632,17.5672226,18.08840752,17.11713028,16.1388073,16.01335335,15.80735874,15.80667305
578.9500122,19.87148476,17.43278122,17.83358192,17.40896797,17.08968544,17.33681297,16.9938221,15.66360855,15.41367435,15.19329166,15.01771736
580,18.979599,17.39215851,17.49177361,16.99428368,16.71816254,16.68117332,15.91662884,15.2842226,14.55149651,14.8248167,14.11614227
581.0200195,18.39767647,17.10757446,16.59116745,16.80863762,16.01638031,15.87102222,15.81065941,14.40963364,14.28229713,14.22729588,13.67497349
582.0499878,17.70505524,16.50570869,16.09221268,16.07299232,15.40561867,15.5765419,15.03811455,13.88548088,14.40760136,13.5504055,13.18860531
582.9400024,16.90393829,15.80431652,15.63085079,15.01909542,15.35700035,15.00485325,14.46569538,13.47534084,13.47024536,13.47194481,13.17973328
583.9699707,16.17856598,15.19030476,15.07742405,14.79395199,14.5828619,14.83579636,13.87493038,13.02861691,12.92362309,12.51758289,12.42824459
585,15.92396927,14.61650944,14.4224081,13.8845644,13.85206509,13.8401947,13.40482616,12.79616737,12.67224503,12.12970448,12.07739735
586.0200195,15.22186375,14.33899307,13.53727627,13.64484119,13.09806824,13.95289707,12.86684513,12.1344738,11.90526772,11.54511738,11.74196148
587.0499878,14.71281624,13.59848785,13.13710785,13.15623474,12.6128397,12.88990593,12.3941679,12.11153984,11.77467251,11.18693066,11.02291489
587.9400024,13.96383858,13.10240078,13.13381577,13.1523056,12.36275387,12.38390064,12.06267548,11.1823597,11.06937313,11.11330509,10.99598217
588.9699707,13.74977112,12.7926693,12.32823086,11.93297195,11.87929344,12.41248512,11.90190792,11.00059891,10.93915653,10.5374527,10.51174068
590,13.26773739,12.71127224,12.14367867,11.90527058,11.57239342,12.0246172,11.98526192,10.78828716,10.41871929,10.0419836,10.02972317
591.0200195,12.71486759,11.7091465,11.60398102,11.69209862,11.42632008,11.47032642,11.24141884,9.968482971,9.862718582,10.39940548,9.880539894
592.0499878,12.31109524,11.31405258,11.0084343,10.95765972,10.69783878,10.62964535,10.6366272,9.277371407,9.691865921,9.586896896,9.648159027
592.9400024,12.26175308,11.07661343,10.92457104,10.70858669,10.40533352,11.03330898,10.2938261,9.425853729,9.505594254,9.321433067,9.362606049
593.9699707,11.67791843,10.5802002,10.60273266,10.49073601,9.909383774,10.06207085,10.09593964,9.567672729,9.183615685,9.114265442,9.215279579
595,11.32481003,9.898659706,10.59289169,9.976725578,10.31940365,9.697827339,9.785668373,8.832597733,8.557248116,8.668560982,8.404203415
596.0200195,10.63447857,10.00069237,9.67858696,9.576295853,9.492480278,9.468590736,9.169447899,8.644021988,8.467460632,8.0418787,8.105469704
597.0499878,10.17480946,9.734893799,9.558617592,9.138899803,9.134662628,9.134103775,9.124820709,8.551351547,8.325675964,8.148962021,7.890971184
597.9400024,10.02713013,9.102295876,9.365259171,8.905395508,8.538415909,8.993060112,8.608887672,8.019350052,8.222807884,7.967001915,7.362994194
598.9699707,9.815848351,9.198313713,8.921387672,8.336866379,8.49016571,8.797164917,8.278829575,7.439881325,7.83204937,7.628175735,7.283094883
600,9.519441605,8.815547943,8.530247688,8.139196396,8.264811516,8.277245522,8.294430733,7.565011501,7.57964325,7.107544899,7.369003296
601.0200195,9.016745567,8.208453178,8.497543335,8.273850441,7.944375038,7.868474483,7.863863468,7.295337677,6.662689209,7.326965809,7.093093395
602.0499878,8.481975555,8.118967056,8.316453934,7.852784157,7.478376389,7.582886219,7.455838203,6.771593571,6.707539558,6.88687849,6.785271168
602.9400024,8.263648987,7.832101345,7.708301067,7.403563976,7.265317917,7.567370892,7.588098526,6.652357578,6.610449314,6.332408905,6.524508953
603.9699707,8.527864456,7.345705986,7.580265999,7.280002117,7.153338432,7.389903545,7.117185593,6.553270817,6.31798172,6.503053665,6.302580357
605,7.975078106,7.410520077,7.363413334,6.704370022,6.860475063,6.745701313,6.838340282,6.286909103,6.259802818,6.273918152,6.216136932
606.0200195,7.334499359,6.653341293,6.823015213,6.860024452,6.832848072,6.826513767,6.506577492,6.058701038,5.714285851,5.928054333,5.625483513
607.0499878,7.17835474,6.851294041,6.772072315,6.17899704,6.42982769,6.444112778,6.301425457,5.813290596,5.63957262,5.784880638,5.467414379
607.9400024,7.095779419,6.546281815,6.597363949,5.919778824,5.936388016,6.25703907,6.217762947,5.610454082,5.482089043,5.574368954,5.458423615
608.9699707,6.602087975,6.474062443,6.292366028,6.120481014,5.910785198,6.195088863,6.145855904,5.451802254,5.335172653,5.504131317,5.129574299
610,6.871233463,6.021734238,5.979658127,6.141248703,5.762625694,5.919011593,5.664190292,5.410266876,5.055583,5.11853075,4.762304783
611.0100098,6.104204178,5.787781239,5.965436935,5.762318134,5.401472092,5.540009499,5.415979385,5.11916256,5.077726364,4.982086658,4.853551865
612.0200195,6.224445343,5.527770519,5.744674683,5.396706581,5.160962582,5.364974499,5.128642082,4.976262569,4.717839241,4.831729889,4.62394762
613.039978,5.993880272,5.595188141,5.32141304,5.391138077,5.300686836,5.516791344,5.2414608,4.744355679,4.761970997,4.570654392,4.451879978
614.0499878,5.504173756,5.086685658,5.449171543,4.92255497,4.90563345,4.870061398,4.869159698,4.600638866,4.612793922,4.732908726,4.51598835
615.0700073,5.620238304,4.963345528,4.991334438,4.646425247,4.859461784,4.909451008,5.106322289,4.064044952,4.445391178,4.136820316,4.249893665
615.9400024,5.350215912,4.951916218,4.92443037,4.785414696,4.675873756,4.711028576,4.488239765,4.344336987,4.365628719,4.207850933,4.110017776
616.9500122,5.349245548,5.021142006,4.889567852,4.603835106,4.399179459,4.2628479,4.397908688,4.244895458,3.954193592,4.036713123,3.870220423
617.9699707,4.99930191,4.770242691,4.708044529,4.41322279,4.283258915,4.509095192,4.481041431,4.210763931,4.11730814,3.952013254,3.866327524
618.9799805,4.760088921,4.165094376,4.304607391,4.173266411,4.056511402,4.341861725,4.038189411,4.223969936,3.834290743,3.862030268,3.931811094
620,4.343595505,4.281058311,4.350712299,3.967145443,3.985237837,3.846688032,3.912912607,3.618750095,3.748668909,3.865390301,3.571528673
621.0200195,4.409047604,3.933776617,4.205554962,3.877542496,3.770566702,3.791376591,3.83125329,3.431337595,3.179113626,3.518433571,3.559369802
622.0499878,4.153078556,4.027915478,4.049156189,3.489221811,3.774713755,3.716385365,3.627845764,3.407709122,3.228782177,3.399353981,3.308802605
622.9400024,4.16007185,3.859529972,3.926647425,3.466518164,3.732584953,3.846425772,3.755828619,3.247356892,3.277484417,3.252234936,3.097420216
623.9699707,3.957368851,3.8825562,3.727775335,3.483792782,3.357153893,3.521126747,3.671051264,3.192171574,3.057466507,3.380077124,3.04942894
625,3.616818905,3.798844814,3.44107008,3.295403481,3.365384579,3.249655962,3.217494011,3.394560099,3.131038189,2.968976259,3.048951149
626.0200195,3.611138821,3.36595583,3.461439848,3.337148666,3.291833639,3.027796745,3.274674177,3.15849638,3.031157494,3.019443035,2.786966085
627.0499878,3.561273575,3.252554655,3.34518671,3.035595417,3.218869209,3.117393255,3.16397047,2.823207378,2.565098047,2.990271091,2.639006615
627.9400024,3.195758104,3.14008975,3.263499975,3.133492231,3.039513826,3.202966928,2.972660065,2.84811902,2.869621038,3.181709528,2.766333103
628.9699707,3.253285408,3.335519791,3.27580905,2.946706772,3.190596104,3.017910004,2.923319101,2.832742691,2.5285151,2.753050089,2.517680407
630,3.347221375,2.932060003,3.08251977,2.779399157,2.921758652,2.830162525,2.87894249,2.623191357,2.578316212,2.516125441,2.585190535
631.0100098,3.229918003,3.091860294,2.848884106,2.908800602,2.754707098,2.877677441,2.588168383,2.436311007,2.578372717,2.684769154,2.283904791
632.0200195,3.029225588,2.720144272,2.739037037,2.637387991,2.672029495,2.593034029,2.858563423,2.428987741,2.49626255,2.486623764,2.138113499
633.039978,3.026427984,2.794849634,2.770198822,2.637522936,2.412010193,2.595203638,2.523406029,2.373170376,2.256039619,2.497384071,2.33382082
634.0499878,2.785909176,2.554672718,2.720647335,2.408967495,2.417460918,2.576188564,2.430254698,2.241924047,2.199748278,2.163094521,2.129230261
635.0700073,2.766490936,2.671552896,2.760641098,2.212544203,2.278618097,2.426220179,2.562194109,2.066635132,2.024718285,2.16189909,2.11443305
635.9400024,2.604599476,2.212957859,2.531152725,2.369832516,2.508558035,2.331490278,2.26636076,2.133823156,2.080054045,2.079693794,2.18541193
636.9500122,2.577391386,2.575884104,2.493273735,2.271333694,2.195920229,2.292167425,2.082530975,2.077789068,2.220988274,2.126455069,1.786810994
637.9699707,2.435984612,2.299042702,2.414515018,2.068628073,2.172762632,2.043142319,2.48586607,2.013205528,1.991393685,1.909638166,1.991584897
638.9799805,2.479512453,2.29236722,2.22995162,2.028483868,2.014755964,1.897479534,2.051964283,1.872498512,1.697096467,2.054577112,1.786113024
640,2.167568445,1.885693669,2.290406704,1.995222688,1.982174635,2.068851471,1.948208928,1.930335045,1.689259887,1.873510599,1.834245801
641.0100098,2.150935888,2.0052917,1.963925123,1.889506221,2.127365589,2.09967947,1.875932693,1.734334111,1.667632341,1.622498631,1.819629192
642.0200195,2.219974041,1.926862359,1.891272545,1.860180974,1.928864479,2.06455946,1.814290404,1.628059745,1.72713995,1.72155273,1.591409206
643.039978,1.933984637,2.216013193,1.796746492,1.956404209,1.991808414,2.044245481,1.600997448,1.433732867,1.705732703,1.651550412,1.568385839
644.0499878,1.905655861,1.673525453,1.858710408,1.860980511,1.833296061,1.917305708,1.656163573,1.618169308,1.545724273,1.667037129,1.4250139
645.0700073,1.990063787,1.757688165,1.756691337,1.684991002,1.706816196,1.654018283,1.716075301,1.687464595,1.585144877,1.547443271,1.565078855
645.9400024,2.105762243,1.604748845,1.838159084,1.800241828,1.562805295,1.703034997,1.577042699,1.482114911,1.378542066,1.566367865,1.467484713
646.9500122,1.953321218,1.640447497,1.912284255,1.745005846,1.643669128,1.49388361,1.620141268,1.381176472,1.438889027,1.339360476,1.531116486
647.9699707,1.727140665,1.456270218,1.524326801,1.530541182,1.5665133,1.585932493,1.528520823,1.315008044,1.484593868,1.493094444,1.175548553
648.9799805,1.847325563,1.496964097,1.686411142,1.553136468,1.552056909,1.471057653,1.442838073,1.449234605,1.319242835,1.342226148,1.442334652
650,1.703744054,1.517988801,1.339080215,1.300030351,1.37471652,1.468795061,1.366024017,1.313422561,1.354502678,1.389902949,1.200899243
