Wavelength (nm),H_CQD (a.u.),H_50pM Pb (a.u.),HF_CQD (a.u.),HF_50pM (a.u.),S_CQD (a.u.),S_50pM (a.u.)
350,807.7624512,393.9754944,203.6960602,336.2684021,0,0
351.0700073,894.0970459,427.5630188,209.0709534,366.0609436,0,0
352,856.0250244,402.3606567,194.8210144,341.4971008,0,0
353.0700073,704.3699341,333.0416565,155.4780579,278.2137451,0,0
354,508.8632202,242.9402161,118.0486755,212.7055817,0,0
355.0700073,283.2938232,138.4611053,69.9647522,123.9937134,0,0
356,139.2465057,69.82314301,37.81016922,63.49206543,0,0
357.0700073,52.05955505,29.00702286,16.85880661,25.50634193,0,0
358,22.69582748,13.21923828,8.927873611,11.90419579,0,0
359.0700073,8.28037262,5.804359913,5.791033745,6.173129559,0,0
360,5.713877678,4.066793442,5.298562527,5.288438797,2.961408854,3.040224552
361.0700073,5.260495663,3.736130476,5.476685524,5.638126373,3.197643757,3.02503109
362,5.108464718,3.996328354,5.913179398,5.856900215,3.523746014,3.377401829
363.0700073,5.299242973,4.367495537,6.531809807,6.370313168,3.803973913,3.708842516
364,5.241724968,4.451934814,7.036904812,6.656642437,4.113273144,3.924903393
365.0700073,5.393866062,4.592112064,8.072748184,7.014291286,4.499784946,4.175171852
366,5.431406498,4.932729244,8.622294426,7.538192749,4.887366772,4.482461452
367.0700073,5.572463512,5.157980919,9.607215881,8.290668488,5.24124527,4.858332157
368,6.004050732,5.30773592,10.38745308,8.943621635,5.499443531,5.333441257
369.0700073,6.001840115,5.64726305,11.42910671,9.543841362,6.351903439,5.776517391
370,6.512814999,6.026231766,12.13887978,10.37109661,6.89005518,6.350511074
371.0700073,6.619085789,6.455918312,13.63529587,11.46036911,7.606532574,7.140197754
372,7.341509819,6.710264206,14.96503544,12.23084927,8.145922661,7.477860928
373.0700073,7.651669502,7.013829708,15.68197823,13.14415264,8.299716949,8.410618782
374,8.013461113,7.574654102,16.84177589,13.98718071,8.840174675,8.553998947
375.0700073,8.61651516,8.111223221,19.12252235,15.04380894,9.709783554,9.286081314
376,9.256472588,8.441802025,20.50587273,17.09456062,10.59348011,10.25241852
377.0700073,9.499781609,9.343103409,22.89483833,18.65564919,11.65575981,10.94650269
378,10.1024456,9.635867119,24.11850739,19.91944122,12.24405956,11.60336208
379.0700073,11.21307659,10.40495777,27.38777351,22.24856186,13.39532375,12.58437061
380,11.9108696,11.53181362,29.53547287,23.6191864,13.7953825,13.60986805
381.0700073,13.69863033,12.88087654,33.29974365,27.43809128,15.48072433,14.78358364
382,15.09857559,13.70597839,36.47335434,30.84788513,16.4101162,15.65586185
383.0700073,15.9666872,14.86999226,40.73733139,33.63909531,17.6847477,17.15946579
384,17.56651306,16.51063728,45.48416138,38.09361267,19.03659821,18.00526428
385.0700073,20.07897186,18.72697258,51.00746155,43.634758,20.62609482,19.8928051
386,22.26046562,20.91800308,57.43551254,48.11518478,22.79560852,22.24695587
387.0700073,25.54857635,23.73590088,65.24892426,55.65079117,24.20777702,23.43884468
388,28.18441963,25.96580887,71.75698853,59.90680313,26.02286911,24.58317757
389.0700073,32.48427582,29.61891747,79.16762543,68.39722443,28.62417793,27.36039925
390,36.4335289,33.2653656,89.52256775,75.38072968,30.76944923,29.49980354
391.0700073,43.41176224,39.18354416,101.6441498,86.89725494,33.95557404,32.37633133
392,48.31758881,44.43654633,114.2399368,98.62696838,36.554142,35.08909988
393.0700073,57.10968781,51.48997116,127.8552094,112.1960678,40.30741882,38.36030197
394,64.1764679,57.31345749,142.3687592,124.9856949,43.07764435,42.32432938
395.0700073,74.99575806,67.23324585,158.8531189,140.4237671,48.13336563,46.8205986
396,86.68666077,77.68171692,178.4147949,155.2058105,53.05959702,51.56612778
397.0700073,98.37837219,87.9533844,201.1501312,176.2490387,58.77836609,56.51481247
398,110.3535767,99.28133392,219.4731293,191.755188,63.69815063,60.32228088
399.0700073,127.3871994,113.4606247,241.0208893,213.3462982,69.25692749,66.31880951
400,142.4618073,127.2714157,263.1846619,232.1538391,77.55140686,72.30834961
401.0700073,163.4281769,144.4437866,290.7817078,260.5785522,84.32286072,81.56617737
402,178.7541962,158.8787689,317.3563538,279.9094238,92.19164276,87.59991455
403.0700073,204.6981354,180.3097992,340.2433472,302.2237244,100.883667,96.70056915
404,224.6198425,195.5082703,367.5525208,326.8951111,110.1724396,104.999733
405.0700073,252.5700989,221.5409241,398.3621826,358.7008057,122.0353088,116.6413956
406,278.7645874,242.6750793,425.7928772,379.8823242,134.4316254,127.7346191
407.0700073,304.8189087,266.497467,456.8930359,411.2105713,146.867218,139.739212
408,331.5242615,290.9668579,482.4783325,429.1428833,158.7030029,151.7922211
409.0700073,367.3901367,320.8200073,512.3894043,461.4396973,178.06427,169.5425568
410,392.6079407,343.7358398,540.8173218,487.8587341,193.4020538,184.8949127
411.0700073,427.4776001,377.0673523,574.8881836,516.1244507,213.6259308,202.6656494
412,456.7748718,399.076355,604.2325439,542.2085571,229.9172058,219.2317963
413.0700073,491.4412842,430.5271301,630.0246582,565.7210693,250.6086884,240.9290466
414,526.7921753,460.5621033,653.0824585,589.8432007,273.1255188,259.4321289
415.0700073,557.8421021,491.4004822,683.1068726,618.5122681,291.3601379,282.8022156
416,588.6976929,516.8214111,707.0701294,641.6438599,314.3327332,302.1064758
417.0700073,618.8639526,540.7053833,733.2373657,661.3449707,334.9971008,323.0447998
418,646.5912476,568.8894653,749.5842896,679.2837524,359.3830566,341.2893677
419.0700073,683.9840698,599.2199707,776.3006592,708.192688,385.366333,370.4581604
420,704.8670654,619.0030518,796.9598999,725.2792358,406.5122986,391.6323547
421.0599976,734.9074097,645.133667,817.7550659,747.7202148,437.9560852,416.5953674
421.9599915,755.9822388,662.3964844,836.8813477,758.9609375,458.3333435,435.5519409
423.0299988,780.1144409,687.390564,851.7036133,779.1939697,485.7067871,463.0637817
423.9299927,804.5404663,707.2016602,872.5029907,791.2318726,509.8369141,490.8204041
425,828.84375,732.2493286,884.5761719,807.0362549,538.0480957,518.5721436
426.0599976,846.9226685,747.4705811,901.9680786,822.4071045,561.8400879,537.9137573
426.9599915,860.7286377,761.6712646,910.2977905,831.0812988,583.9195557,557.885376
428.0299988,880.0905151,781.8296509,920.4194946,839.817688,607.9226074,580.6472778
428.9299927,894.6942139,790.2576904,932.9884644,848.0780029,632.1878052,603.8526611
430,909.2400513,809.0057373,944.1056519,857.0267334,656.1640625,629.7493896
431.0700073,920.9428101,821.4682617,954.7854004,860.3061523,677.5549316,647.8109131
432,933.6110229,826.1738281,954.368103,866.5695801,697.2828979,662.8320313
433.0700073,941.9562378,834.2313843,961.4463501,876.9875488,715.4540405,685.0930786
434,948.9489746,844.2330322,972.4087524,875.1935425,735.6255493,704.4634399
435.0700073,960.8935547,850.6283569,970.0861206,876.5314331,756.9542236,726.2572632
436,962.1087036,853.5449829,977.7912598,882.2820435,773.0419312,738.1236572
437.0700073,973.1221924,862.1252441,972.7597656,881.7892456,785.6477051,751.3773193
438,968.7710571,864.781189,974.8647461,881.6945801,797.7821045,763.1436157
439.0700073,973.6293945,865.7686157,973.2877197,878.8334351,815.1536865,780.8823242
440,977.5732422,869.1328735,972.3777466,883.7004395,827.0499878,791.9105835
441.0599976,977.7538452,875.8170776,969.7463989,881.8308716,842.5830078,808.0386353
441.9599915,977.3659668,873.6385498,970.2949829,880.8727417,850.2241211,814.1420898
443.0299988,979.3721924,876.1809692,968.3168945,867.0214233,863.0942383,826.0508423
443.9299927,978.9841309,877.4968872,966.961792,870.6539307,871.2091064,837.272522
445,976.0787964,873.2612915,961.1786499,873.0144043,883.0748291,844.5274048
446.0599976,974.4706421,871.2064819,958.992981,863.9424438,895.5227661,858.2061768
446.9599915,975.7054443,873.7752686,955.8383179,860.5888062,897.892334,866.3014526
448.0299988,969.5098267,869.050354,955.3318481,855.5025635,913.7981567,875.1204224
448.9299927,965.6427612,865.4051514,946.1017456,858.128418,916.5098267,878.1732178
450,960.5736084,864.9867554,937.4481812,848.4796753,926.1077271,885.6589966
451.0599976,956.7007446,855.4890137,925.0896606,843.6881714,930.8248901,893.5136108
451.9599915,949.7677612,848.6781616,926.5619507,837.3569336,933.5551758,895.4839478
453.0299988,941.9504395,844.1469116,914.9833984,828.0275269,940.4981079,896.3314819
453.9299927,932.4405518,842.3707886,907.2168579,818.4334717,940.5001831,902.6798706
455,922.0184937,829.7160645,898.680542,813.8707886,939.3265991,905.1181641
456.0599976,914.5283203,823.9612427,889.5313721,804.7539673,941.0635986,906.2444458
456.9599915,905.2367554,814.8738403,880.2450562,795.5003662,938.8344727,903.3288574
458.0299988,889.6694946,803.4589844,867.6633301,788.4289551,942.5740356,903.0111694
458.9299927,884.6420898,791.8936768,857.6327515,775.7648315,938.2965088,900.5817261
460,872.3494873,783.2392578,845.6481323,755.626709,930.9516602,897.2989502
461.0599976,853.5057983,769.6984863,832.6386108,754.142395,935.9705811,893.7549438
461.9599915,844.7692871,756.1525879,818.1295166,743.9767456,922.0311279,886.8250732
463.0299988,825.9325562,746.5217896,805.3998413,727.1878052,917.9760742,879.6396484
463.9299927,809.4057617,731.7193604,790.4841919,716.0612793,907.611084,872.0963135
465,797.5155029,720.2677002,772.8428345,698.015564,904.1544189,866.1968384
466.0599976,784.8598633,709.1687012,764.5561523,688.4509277,892.3955688,853.7889404
466.9599915,771.7186279,696.7391968,745.0410156,682.8536987,885.9657593,848.0244751
468.0299988,750.0470581,680.838623,738.5973511,664.8112793,875.885437,838.236084
468.9299927,735.8408203,666.7711792,718.112793,652.8475342,863.6083374,828.7940063
470,725.0576782,656.4421997,704.4029541,639.067688,856.3040771,824.6768188
471.0599976,708.3280029,637.2012939,691.2752686,624.6557617,847.1401367,808.6713257
471.9599915,693.1680908,627.5553589,680.1707153,615.5518188,835.2421875,799.8201904
473.0299988,674.2854614,613.4353638,662.293335,599.5114136,820.2368774,786.4397583
473.9299927,655.4158936,597.1694336,652.4197998,584.2636108,808.0904541,777.0491333
475,645.3015137,582.3626709,632.4185181,573.1137085,802.3883057,764.6304321
476.0599976,632.2648315,571.4510498,617.2279663,560.625,784.4398804,755.3406372
476.9599915,617.5651855,555.7119751,605.3740845,549.2773438,769.6174927,742.564209
478.0299988,600.6571655,541.7277832,589.0634766,532.5861816,756.7883301,726.2570801
478.9299927,586.3464355,527.7121582,574.744751,519.6268921,745.8043213,713.1536255
480,573.5631714,515.8798218,560.8188477,507.228363,734.6834106,705.3805542
481.0599976,553.6079712,504.6618042,546.1422729,494.2659607,719.145813,687.7191162
481.9599915,544.057251,494.4162598,536.5518188,488.0484009,707.6872559,679.1526489
483.0299988,522.3131714,478.7418823,519.3270874,470.8249817,690.684021,668.9243164
483.9299927,509.170166,466.8065491,509.3989258,460.227356,679.0386353,651.7344971
485,495.8178101,451.570282,492.9086914,446.4394226,665.1624146,637.5549927
486.0599976,483.4602966,437.9443054,483.5512085,436.3022156,654.5635376,624.6149292
486.9599915,468.2671814,427.2311707,472.3274231,425.5084534,641.1816406,613.9574585
488.0299988,453.3322144,415.9814148,457.087677,412.4373474,625.1050415,600.4678345
488.9299927,442.1118164,403.6960449,446.7062683,403.119873,614.1245728,585.2474365
490,433.1793213,393.3442993,432.6045837,390.3770447,599.5392456,579.4363403
491.0400085,418.8369446,382.2201538,423.0040588,383.7734985,588.958313,566.3497314
491.9400024,406.0844727,370.6271362,412.1381836,373.3753662,576.0717773,547.6469727
492.980011,389.6263733,359.7918091,397.8313904,357.6186523,563.6239014,538.9990845
494.019989,380.4075317,347.6226807,384.6558838,348.0223389,549.0211792,529.7650146
495.0700073,369.6715088,342.2355347,375.6706543,340.381012,538.5592651,515.4484863
495.9700012,361.4120789,330.5180054,370.4942322,332.2130432,526.9632568,503.5648804
497.0100098,349.0644226,316.9184875,357.7878723,323.4107056,514.1054077,493.0739136
498.0499878,334.1164856,308.5809631,345.9146118,311.2987671,500.300293,477.9452515
498.9500122,329.2357178,299.604126,336.0887451,302.1488342,492.856781,470.7914124
500,316.2653198,292.8968201,325.8487549,295.5106812,480.7937927,462.9469604
501.0599976,306.3529358,283.2613831,319.7539673,289.7910156,469.3063049,452.1643066
501.9599915,296.9128113,275.8443909,310.4207764,278.7903137,458.4481812,440.2197876
503.0299988,286.661438,264.2507935,298.8489685,269.7658081,443.8959045,428.2039795
503.9299927,281.1363525,255.5809326,292.1974792,262.4667969,437.418396,420.6763611
505,269.88797,248.4889984,283.5567017,254.2436066,427.2237854,410.2764893
506.0599976,261.3851624,240.8512573,276.4265442,246.7855988,414.4076843,400.5745239
506.9599915,252.8725891,230.6832275,268.0812378,240.8783875,406.0535278,391.7763062
508.0299988,243.5870361,224.0221558,259.1738281,230.9857025,393.4884338,376.9842834
508.9299927,238.1639862,220.3554688,251.283493,225.6288757,385.4644775,371.3704224
510,229.2804108,213.0213928,243.6177979,222.0485687,376.8596802,362.3463745
511.0400085,219.1845093,203.972229,237.7784729,211.7735138,366.1047668,349.5196533
511.9400024,215.0396729,200.5604095,230.891449,206.537323,357.2114868,343.1559143
512.9799805,206.8407135,191.219986,223.4897919,199.2032471,343.3868103,335.7949219
514.0200195,200.8683014,184.5402527,215.1689301,192.905426,338.9104309,324.4480591
515.0700073,193.1813354,180.5797882,209.125061,187.7736206,330.2339478,314.2913208
515.9699707,188.4011688,172.2447815,203.2614594,180.1768036,322.0179749,305.7339172
517.0100098,181.2924042,166.2019653,197.6507263,176.030426,310.4405518,298.2489319
518.0499878,176.56073,159.8269653,190.6352997,169.2144928,302.9602661,290.7816772
518.9500122,168.7071381,157.1382446,183.3460846,166.184021,294.7717896,281.54953
520,163.9536438,149.9483948,180.534729,159.3925476,288.598877,276.5372925
521.039978,157.6426239,144.0404053,174.11203,155.5304108,277.2896729,268.3370361
521.9400024,152.5553131,138.7835388,168.7209473,152.1092834,273.035614,260.2617798
522.9799805,147.105896,136.2769928,162.853714,145.8258209,264.293396,255.0995636
524.0200195,142.006897,131.8757324,159.1191254,141.6283417,258.2338562,246.486618
525.0700073,136.5104218,127.08078,154.0603027,136.7163086,249.4391327,241.5358276
525.9699707,133.1568909,122.9693222,149.2287292,133.9458313,243.9037781,234.0300903
527.0100098,127.3116455,116.5882874,143.4984436,127.8956375,235.7168884,226.5238953
528.0499878,124.1728973,114.7952347,138.4557495,125.4758224,230.0148773,221.65448
528.9500122,118.8382721,112.0456238,136.1239471,120.8267899,223.0045319,215.3464966
530,114.9509735,107.9277039,132.7735291,116.8401184,218.8376312,209.185791
531.039978,110.7512741,103.0957947,127.2638626,111.7436371,209.7090302,203.3821411
531.9400024,107.0681,100.0525284,123.2009354,111.2723618,204.3692322,196.2833099
532.9799805,104.5436401,95.50522614,119.6417847,106.2998962,199.2363586,190.173233
534.0200195,99.36287689,92.55936432,114.1261978,103.9992523,194.6036835,185.5096741
535.0700073,96.01909637,88.97422791,111.8664017,100.4736786,188.0139771,181.2063141
535.9699707,93.85417938,86.18544006,109.8095474,96.4426651,182.925354,174.0732269
537.0100098,89.28995514,82.9978714,103.8365631,94.63254547,177.5767975,167.3183594
538.0499878,86.39839172,80.41537476,101.1185532,90.2593689,172.9020844,165.7132263
538.9500122,83.36647034,77.09149933,99.08599854,88.20172882,166.7274933,160.6308289
540,80.41423035,74.3609314,96.56131744,84.73175812,163.6123047,155.1466217
541.039978,76.54652405,70.50826263,92.44579315,81.93395996,157.8782806,149.5912323
541.9400024,75.31729126,69.33307648,87.99825287,80.05664063,153.9090729,146.344101
542.9799805,73.56797791,68.19702148,85.9496994,77.60171509,146.9626617,142.25914
544.0200195,70.18644714,64.9227066,83.61695099,74.80722046,144.1188965,138.9423218
545.0700073,66.98852539,62.10403061,80.49332428,72.21446991,139.1290436,132.5199127
545.9699707,64.53216553,60.47576141,80.03651428,69.31394196,135.9577332,129.2641296
547.0100098,62.60270691,58.61180878,75.45090485,67.10423279,130.8969879,125.23806
548.0499878,61.00517654,56.12161255,73.39179993,65.71233368,127.7445831,121.8884964
548.9500122,58.37082672,54.26345825,71.67768097,64.96218109,124.2716904,119.1851196
550,57.23185349,51.92379761,69.16052246,62.13732147,120.0811462,115.8690796
551.039978,54.39217758,50.08274078,67.61759186,58.91614532,115.9905319,110.9810257
551.9400024,53.00743866,48.64624405,65.1665802,59.09770966,113.785614,108.7959824
552.9799805,50.05701447,47.85050964,63.0546875,55.31322861,109.4658813,104.6019287
554.0200195,47.86034393,45.19080734,61.72357941,53.62210464,106.0069275,102.6884613
555.0700073,47.49760437,43.50126266,58.6000824,52.72528458,103.7470093,97.57800293
555.9699707,45.07897568,42.45283127,57.353302,51.46693039,100.1700211,95.83763123
557.0100098,43.73181915,40.2801857,56.16331482,48.90374756,96.69302368,93.11254883
558.0499878,42.28141403,39.43610001,54.39232635,47.86865997,94.27245331,89.42371368
558.9500122,40.82792282,37.8283844,52.24066544,46.04016495,91.69290161,87.56677246
560,39.09103775,35.46295547,49.79580688,44.64257813,87.94213104,84.22246552
561.0200195,37.55260849,35.56279755,48.89933777,43.32061386,85.76982117,81.55563354
562.0499878,35.73734665,34.18324661,46.55433655,42.56930923,82.63906097,78.90794373
562.9400024,35.97183609,32.97511673,45.84100723,41.5314827,80.31416321,77.95094299
563.9699707,34.04590225,30.80379105,44.70458984,39.79354477,78.07620239,75.24776459
565,32.51385498,29.78607368,43.234272,38.43255234,74.68756866,72.42302704
566.0200195,31.79087067,29.32899666,41.53700638,35.92229843,72.20285034,69.34423828
567.0499878,30.30431366,28.51355553,39.33607864,34.78015518,70.96826172,67.44444275
567.9400024,29.74548149,27.29893112,39.1389122,34.27277756,68.56642914,66.56449127
568.9699707,27.97458267,26.22725677,38.03352737,33.26194,66.45054626,63.52770233
570,27.30346489,25.39633369,36.14997482,32.55531311,63.57829285,60.82893753
571.039978,25.83476448,24.31134415,34.90938568,31.22049522,61.69117737,59.55934906
571.9400024,25.05233955,23.49862099,33.92679214,30.32437897,60.43621063,57.54209518
572.9799805,24.09185219,22.11643791,33.45856094,29.1271286,58.40146255,55.84775925
574.0200195,22.82608604,21.71213341,32.08464432,28.24682426,56.81607437,54.4919014
575.0700073,22.46985626,21.0661602,30.97195816,27.36353111,54.24185562,52.14592743
575.9699707,22.11374855,20.21174049,30.12177849,26.75433922,53.54629898,50.69278336
577.0100098,21.1783905,19.67657089,28.96139526,25.14173889,52.09217072,49.62553024
578.0499878,20.38733101,19.11760712,28.39719772,25.34692764,49.33127213,47.31577682
578.9500122,19.87148476,17.43278122,28.19916725,24.42095375,48.62849426,46.95359802
580,18.979599,17.39215851,26.98451805,23.04367256,46.64661789,44.79759216
581.0200195,18.39767647,17.10757446,25.8148632,22.61011314,45.02781677,43.51811981
582.0499878,17.70505524,16.50570869,24.81057167,22.22533798,44.68228149,42.01913071
582.9400024,16.90393829,15.80431652,24.16779327,21.29276276,42.85194016,41.06309128
583.9699707,16.17856598,15.19030476,23.57482338,20.68495178,41.09954071,38.4118309
585,15.92396927,14.61650944,22.85722923,20.57594109,39.69814682,37.93299484
586.0200195,15.22186375,14.33899307,22.1773262,19.28452873,38.21033096,36.76913071
587.0499878,14.71281624,13.59848785,21.87828445,18.81128883,37.62605667,35.56491089
587.9400024,13.96383858,13.10240078,20.71243286,18.16988754,36.53475189,34.87317657
588.9699707,13.74977112,12.7926693,20.58393669,17.47919846,34.99906158,33.69636154
590,13.26773739,12.71127224,18.87806892,17.39638901,33.33065033,32.84892654
591.0200195,12.71486759,11.7091465,19.05176163,16.62506485,33.22763824,31.53100204
592.0499878,12.31109524,11.31405258,17.97352791,16.04236412,31.09297371,30.57053566
592.9400024,12.26175308,11.07661343,17.65229225,15.37790298,30.33361626,29.85603905
593.9699707,11.67791843,10.5802002,17.2557888,15.00472832,29.53104019,28.11490822
595,11.32481003,9.898659706,16.89304161,14.21786022,29.48141479,27.71925163
596.0200195,10.63447857,10.00069237,16.37086868,14.01940441,28.33803368,26.5539341
597.0499878,10.17480946,9.734893799,14.93069553,13.5160017,26.87937927,25.72533989
597.9400024,10.02713013,9.102295876,15.18167114,13.2394495,25.8574543,25.07952499
598.9699707,9.815848351,9.198313713,14.95248699,12.70255756,25.09475327,23.90701485
600,9.519441605,8.815547943,13.87160778,12.49248123,25.21042824,22.84939194
601.0200195,9.016745567,8.208453178,13.79053307,12.3529501,23.52160835,22.64989281
602.0499878,8.481975555,8.118967056,13.67287636,11.73348904,23.73402405,22.22541809
602.9400024,8.263648987,7.832101345,13.55617523,11.48722744,22.33744431,21.13183403
603.9699707,8.527864456,7.345705986,12.66805363,10.99038792,20.98115921,20.33956909
605,7.975078106,7.410520077,12.55157661,10.72014141,20.8355751,19.94102097
606.0200195,7.334499359,6.653341293,12.27288246,10.73716164,20.1942234,19.3599987
607.0499878,7.17835474,6.851294041,11.86295128,10.0540905,19.8384037,18.64287186
607.9400024,7.095779419,6.546281815,11.16387749,9.873280525,18.70828819,17.81153679
608.9699707,6.602087975,6.474062443,11.34764957,9.586975098,18.83703041,17.41390038
610,6.871233463,6.021734238,10.86377144,9.209598541,17.70520973,17.39380646
611.0100098,6.104204178,5.787781239,10.15365124,8.933271408,17.43498802,16.55615997
612.0200195,6.224445343,5.527770519,9.852836609,8.772472382,16.26546097,15.51721859
613.039978,5.993880272,5.595188141,9.658704758,8.443778992,16.19082451,15.40136909
614.0499878,5.504173756,5.086685658,9.121557236,7.804152966,15.06303501,14.37553883
615.0700073,5.620238304,4.963345528,9.158773422,7.933347702,15.16731262,14.11026859
615.9400024,5.350215912,4.951916218,8.607028961,7.746138573,14.57092953,13.89535236
616.9500122,5.349245548,5.021142006,8.798212051,7.33309412,13.94238567,13.24485683
617.9699707,4.99930191,4.770242691,8.3554039,7.170967579,13.28273201,13.02541161
618.9799805,4.760088921,4.165094376,7.64027071,6.723207474,12.93447495,12.48689651
620,4.343595505,4.281058311,7.961833954,6.832279205,12.57134819,11.9076128
621.0200195,4.409047604,3.933776617,7.369368553,6.525515079,11.93422794,11.36785698
622.0499878,4.153078556,4.027915478,7.242530823,6.03457737,11.32365417,11.11170006
622.9400024,4.16007185,3.859529972,6.761005878,5.866027355,11.51908875,10.42226982
623.9699707,3.957368851,3.8825562,6.538790226,5.90948391,10.9318285,10.28922462
625,3.616818905,3.798844814,6.765116215,5.594249249,10.14929485,10.04561234
626.0200195,3.611138821,3.36595583,6.182429314,5.270008564,10.24170399,9.873681068
627.0499878,3.561273575,3.252554655,6.248636723,5.373497009,9.851023674,9.40646553
627.9400024,3.195758104,3.14008975,5.847130299,5.045153141,9.530227661,9.07053566
628.9699707,3.253285408,3.335519791,5.477114201,4.511467934,9.120325089,8.873278618
630,3.347221375,2.932060003,5.687489033,5.079962254,9.004576683,8.334898949
631.0100098,3.229918003,3.091860294,5.577402115,4.817554951,8.440573692,8.273901939
632.0200195,3.029225588,2.720144272,5.347260475,4.466639996,8.305308342,7.830758572
633.039978,3.026427984,2.794849634,5.048779011,4.484722614,7.870496273,7.767143726
634.0499878,2.785909176,2.554672718,4.986938953,4.359115601,7.653167248,7.405532837
635.0700073,2.766490936,2.671552896,4.584802628,4.125854492,7.371409893,7.175592899
635.9400024,2.604599476,2.212957859,4.597452164,4.093924999,7.563427448,7.142099857
636.9500122,2.577391386,2.575884104,4.571108818,4.039476395,6.805782795,6.634110451
637.9699707,2.435984612,2.299042702,4.418422699,3.882976294,6.798583508,6.178392887
638.9799805,2.479512453,2.29236722,4.173285007,3.753543377,6.532471657,6.336443901
640,2.167568445,1.885693669,3.966512203,3.399875164,6.035442829,6.061573029
641.0100098,2.150935888,2.0052917,3.734060526,3.451091528,6.286084175,5.62791872
642.0200195,2.219974041,1.926862359,3.80400753,3.1470294,5.886592865,5.297550201
643.039978,1.933984637,2.216013193,3.689810753,3.382790089,5.748451233,5.173777103
644.0499878,1.905655861,1.673525453,3.503115654,2.939188719,5.267462254,5.017594814
645.0700073,1.990063787,1.757688165,3.578399658,2.928573608,5.270931244,4.91960144
645.9400024,2.105762243,1.604748845,3.19346571,2.982976675,5.090879917,4.821933746
646.9500122,1.953321218,1.640447497,3.439222574,2.905090094,4.902226448,4.687685966
647.9699707,1.727140665,1.456270218,3.070608139,2.932551384,4.729701519,4.564035416
648.9799805,1.847325563,1.496964097,3.131928682,2.756676435,4.517538071,4.444267273
650,1.703744054,1.517988801,2.947135925,2.537201881,4.419829369,4.435171604