Wavelength (nm),H_CQD (a.u.),H_50uM (a.u.),HF_CQD (a.u.),HF_50uM (a.u.),S_CQD (a.u.),S_50uM (a.u.),Intensity (a.u.)
360,3.31585,3.125837,3.377909422,3.578107357,8.50037384,8.491482735,3.31585
361.0700073,3.545626,3.239166,3.392316818,3.519122839,8.865777969,9.39677906,3.545626
362,3.860127,3.301552,3.637506723,3.61350441,10.22175598,10.34509563,3.860127
363.0700073,3.951723,3.858531,3.972071171,3.771568298,11.5963974,11.49577999,3.951723
364,4.210754,3.864011,4.27732563,4.112781525,13.02841282,12.9340477,4.210754
365.0700073,4.339144,4.124182,4.795012951,4.469790459,15.52175999,15.36342144,4.339144
366,4.535457,4.65592,5.033455849,4.604206562,17.91302109,17.26898193,4.535457
367.0700073,5.158538,4.937738,5.437431335,4.772421837,20.25094795,19.70837975,5.158538
368,5.313673,4.781442,5.740282536,5.199994087,23.01667023,22.21571159,5.313673
369.0700073,5.888545,5.701446,6.047158718,5.432254314,26.32454109,25.46559715,5.888545
370,6.223565,5.799058,6.803426743,5.94464922,31.10099792,29.24915695,6.223565
371.0700073,6.335032,6.149313,7.739592552,6.533303261,35.11480331,34.21360016,6.335032
372,7.132189,6.242121,8.091091156,6.782192707,38.88318634,37.71778488,7.132189
373.0700073,7.405396,7.107396,8.937572479,7.54962492,44.88197708,43.15829468,7.405396
374,7.818064,7.263154,9.898728371,8.135972023,49.50454712,47.8429718,7.818064
375.0700073,8.226719,7.501398,10.93707752,9.269882202,56.92465591,54.1662674,8.226719
376,9.202969,8.654216,11.98822117,9.508453369,63.89603043,61.68047333,9.202969
377.0700073,9.808388,9.239214,13.11280823,10.98992538,71.19815826,68.60485077,9.808388
378,10.61619,9.909391,14.8702755,11.8189497,76.68787384,74.7583313,10.61619
379.0700073,11.16659,10.77821,16.68616104,13.22514534,87.28200531,83.54696655,11.16659
380,12.04875,11.64332,18.5026722,15.07828331,95.10702515,92.71743774,12.04875
381.0700073,13.54398,12.49546,21.14558029,17.65921593,109.141449,103.4600754,13.54398
382,15.02123,13.29341,23.70170784,19.32064629,116.3056335,111.4626389,15.02123
383.0700073,16.12064,15.63953,27.78070641,21.79724121,129.7607422,122.8295593,16.12064
384,17.75419,16.27129,31.52898788,25.64850807,140.4421539,133.6680145,17.75419
385.0700073,20.22721,18.1621,36.16250992,29.79507065,156.7405396,149.0037994,20.22721
386,22.74883,20.11316,41.82082748,34.84368896,168.3637543,162.5294342,22.74883
387.0700073,25.78563,22.37356,47.98790359,40.56483841,185.9272461,175.7069244,25.78563
388,28.35407,25.01069,54.63839722,45.78361511,200.2950439,188.9112549,28.35407
389.0700073,31.82907,28.76872,63.48645782,53.23044205,217.6233368,206.4356079,31.82907
390,36.72212,32.39921,71.68683624,61.03350449,236.2268677,222.9464111,36.72212
391.0700073,43.84383,37.72695,83.48613739,71.98956299,256.5509033,242.4190063,43.84383
392,48.59924,42.81978,94.68999481,81.45862579,274.4163513,258.8435974,48.59924
393.0700073,56.33496,48.20304,108.277565,93.47740173,296.5109863,279.1579285,56.33496
394,63.23683,55.04545,122.6331329,104.3804016,315.1744385,296.2531433,63.23683
395.0700073,74.18839,64.38298,141.6860962,121.4653778,343.3699951,324.4219666,74.18839
396,84.67979,73.34952,159.9784546,135.9233704,364.8912354,351.2486877,84.67979
397.0700073,98.36785,83.55638,178.6691437,155.0939636,389.7042236,368.5372314,98.36785
398,108.6022,93.54972,198.2831421,171.1596527,413.7346802,388.8881226,108.6022
399.0700073,126.0346,107.0772,221.8643799,191.8251038,443.2071838,418.9586182,126.0346
400,140.5628,119.5809,244.7490387,211.0559692,466.2291565,440.8035278,140.5628
401.0700073,161.0722,136.8563,273.999939,234.3894501,497.6541748,466.491333,161.0722
402,176.3161,150.0023,291.9987488,252.5632324,518.6521606,490.2525024,176.3161
403.0700073,201.5603,168.1341,323.6351929,279.6105347,547.3442383,514.5543823,201.5603
404,220.0489,187.5461,345.6027832,303.558136,571.723938,537.7589722,220.0489
405.0700073,248.7482,210.2135,380.1925964,328.9883728,601.0206909,573.2128906,248.7482
406,273.1808,229.2719,407.3892517,353.1260376,629.454895,592.1259155,273.1808
407.0700073,297.7213,252.317,433.9532776,378.6756287,653.4141235,616.8150635,297.7213
408,325.3026,274.1698,463.9736633,402.9945068,677.9448242,639.4394531,325.3026
409.0700073,361.4279,303.4589,498.7193909,432.5389099,704.3956299,663.8518066,361.4279
410,389.3644,326.5504,525.5755615,456.3240356,730.77948,683.8364868,389.3644
411.0700073,423.007,355.3564,557.5092163,486.5866394,754.857666,711.6119995,423.007
412,449.7782,380.9444,582.5843506,510.0594788,772.3421631,730.4862061,449.7782
413.0700073,481.4656,410.3596,614.348999,536.354126,798.5455322,753.0960693,481.4656
414,516.355,437.0599,640.2019043,560.6878052,822.5029907,773.2803345,516.355
415.0700073,553.9384,465.3966,672.4806519,585.8456421,839.7406616,789.2020874,553.9384
416,577.6599,487.4514,693.1103516,607.0679321,859.1986084,801.7332153,577.6599
417.0700073,611.1891,513.775,717.4932251,628.1536865,873.401001,818.171936,611.1891
418,636.171,534.1864,742.3035278,649.5603027,891.989563,834.0791626,636.171
419.0700073,668.1334,563.1904,767.8463135,673.0965576,897.1372681,845.5213013,668.1334
420,694.5239,583.9062,787.5349121,688.578125,914.2431641,848.0324707,694.5239
421.0599976,719.2692,608.9868,806.7574463,705.5557861,917.1286621,858.6668701,719.2692
421.9599915,742.7494,627.1223,823.9945068,721.4587402,927.5272827,863.6032104,742.7494
423.0299988,765.6665,653.379,849.7714844,738.984436,928.3308716,866.9066772,765.6665
423.9299927,791.337,669.8431,864.3045654,755.442688,935.2142944,871.3399658,791.337
425,816.8916,691.6923,879.1174316,772.2650757,941.1303101,871.682251,816.8916
426.0599976,833.381,705.8267,892.1542969,782.713562,935.3550415,867.6144409,833.381
426.9599915,851.9222,719.0947,906.8395996,790.8126831,933.4359741,871.229126,851.9222
428.0299988,865.7799,736.7713,916.2762451,803.8729248,926.8396606,868.1471558,865.7799
428.9299927,880.5557,751.1487,923.0673828,810.6813965,920.1345215,854.0877075,880.5557
430,893.9159,768.1423,936.1862793,817.8532104,909.7116089,852.6804199,893.9159
431.0700073,900.6528,776.2325,944.6851807,825.6582031,904.3088989,844.652832,900.6528
432,914.3639,781.9323,953.0861816,832.1577759,894.1863403,834.5110474,914.3639
433.0700073,923.7791,791.1489,953.2140503,833.7952271,881.0856934,821.3028564,923.7791
434,928.1907,798.1423,955.4474487,838.9616089,874.0270996,814.7376709,928.1907
435.0700073,942.8371,808.3274,961.1824341,842.7050171,858.192749,799.7681885,942.8371
436,941.7956,809.1631,967.6628418,845.8238525,846.1497192,785.963562,941.7956
437.0700073,950.8054,812.4972,959.1376953,847.5787964,837.1164551,776.0897827,950.8054
438,954.8419,820.7847,967.7340088,847.2625732,823.1240234,763.1643066,954.8419
439.0700073,957.4731,820.0031,961.3566895,848.6694946,809.741394,749.5577393,957.4731
440,962.2261,825.7377,958.6838989,848.5473633,796.0896606,740.248291,962.2261
441.0599976,959.8522,827.0634,960.5463867,841.7503662,783.2969971,725.7528687,959.8522
441.9599915,956.562,832.0048,957.1913452,841.2693481,769.6132813,716.9171753,956.562
443.0299988,955.796,830.9732,956.8189087,841.8120728,754.7093506,702.3848267,955.796
443.9299927,963.7363,831.4248,953.5082397,837.6168213,739.0430908,686.7894287,963.7363
445,962.5378,828.312,951.4260254,838.7851563,728.3459473,677.8313599,962.5378
446.0599976,960.6249,828.7499,947.2238159,834.2747803,713.6964111,658.7355347,960.6249
446.9599915,956.5306,829.4229,949.3920288,830.2089233,702.571167,648.9465332,956.5306
448.0299988,952.9435,820.847,938.9673462,823.3005371,686.5905151,634.4800415,952.9435
448.9299927,950.2252,819.7108,930.3096313,821.49823,673.7561035,621.7318115,950.2252
450,942.0148,820.0876,927.020752,814.7723389,655.2772217,609.2324219,942.0148
451.0599976,942.7899,813.6293,918.9666138,809.2620239,642.6569214,596.5623169,942.7899
451.9599915,933.1555,807.0804,916.2510986,802.0541382,629.0275269,583.5099487,933.1555
453.0299988,923.138,803.0078,906.1705322,792.4306641,615.1566162,567.7926025,923.138
453.9299927,915.185,796.6436,896.3256836,785.9992065,604.3788452,559.480896,915.185
455,908.5173,791.0936,887.1976318,783.7178955,592.4995728,542.192688,908.5173
456.0599976,898.2002,779.2933,881.5493774,773.8133545,575.5786743,529.6109619,898.2002
456.9599915,878.8546,772.5563,868.7156372,762.8602905,562.0407104,519.0223999,878.8546
458.0299988,874.3953,766.2745,852.8440552,754.3984375,547.836853,507.3399658,874.3953
458.9299927,863.52,755.2051,842.2975464,742.2180176,532.8875732,491.3698425,863.52
460,851.6978,742.9822,835.0858765,729.4921265,519.4398804,480.8383484,851.6978
461.0599976,839.9746,733.5872,822.5778198,723.4478149,508.6626892,469.1763306,839.9746
461.9599915,825.9889,718.4319,807.6419067,713.1101074,496.1436157,455.4867859,825.9889
463.0299988,813.3873,708.9116,791.6463013,698.5012207,480.1763916,440.8283081,813.3873
463.9299927,796.9744,694.7094,780.4542236,686.7174683,465.2581177,427.4696655,796.9744
465,785.0154,685.0044,768.2675781,673.7789917,456.609375,416.9772034,785.0154
466.0599976,769.4302,673.4607,752.1558228,661.6862183,445.3143311,405.8551331,769.4302
466.9599915,749.286,663.0299,742.3007202,653.2637939,432.6199646,391.538269,749.286
468.0299988,736.7697,645.6821,723.4911499,639.3270874,417.4188232,380.3965759,736.7697
468.9299927,723.915,632.4142,704.4224854,616.7293701,402.8755493,371.5619202,723.915
470,706.3462,618.674,694.6222534,611.6449585,394.1400757,358.9590454,706.3462
471.0599976,689.0187,608.6365,678.354248,597.5355835,384.4487915,349.5978394,689.0187
471.9599915,680.8436,595.0389,667.3218384,590.1348267,374.6900635,341.4670105,680.8436
473.0299988,658.6899,580.9967,648.5154419,574.5018311,361.2384949,328.4404907,658.6899
473.9299927,646.3603,569.7109,636.1707153,563.9620361,349.7345276,321.3960571,646.3603
475,631.7842,553.1652,625.4981689,549.6151733,340.1330261,311.9702148,631.7842
476.0599976,619.4605,542.5046,606.5247192,537.2954102,329.5027771,301.3390198,619.4605
476.9599915,605.1523,528.369,596.8684082,527.1469727,318.8476563,293.1489868,605.1523
478.0299988,583.2939,516.1478,581.239624,511.8427124,309.1582031,281.509613,583.2939
478.9299927,574.6589,501.7722,568.0150146,494.3709717,300.8356628,274.3495178,574.6589
480,557.4874,488.37,555.0679932,488.8253784,292.3167725,266.0519104,557.4874
481.0599976,542.2523,480.3346,542.7723389,475.2072449,283.1020203,257.4525757,542.2523
481.9599915,526.4968,465.981,528.9685059,463.1529236,276.0032043,251.8471527,526.4968
483.0299988,510.7573,454.9974,509.7269897,453.9888611,265.5353394,240.0419159,510.7573
483.9299927,499.7387,443.3523,500.4500732,443.3565063,258.6558533,233.4894257,499.7387
485,488.5746,432.7317,488.9327087,430.1767578,251.4463654,229.3915405,488.5746
486.0599976,472.5244,419.0879,475.0692139,419.7766418,240.4710693,221.6192322,472.5244
486.9599915,462.5351,405.7001,464.8286133,407.4797668,233.7146454,213.2256927,462.5351
488.0299988,447.1534,392.622,449.8999329,395.0900879,227.2118988,205.1479645,447.1534
488.9299927,434.4514,383.9482,437.9520874,385.0567627,220.4571075,201.0543671,434.4514
490,424.5763,374.2988,426.821106,375.7229614,214.2625275,195.0464325,424.5763
491.0400085,409.6281,361.5275,417.3384705,365.2791443,206.862442,186.5842285,409.6281
491.9400024,397.9893,348.9929,403.9198608,357.4648438,201.2288361,181.2976837,397.9893
492.980011,379.5251,341.3834,391.0254517,345.8849182,194.2898407,175.4452209,379.5251
494.019989,371.9284,328.6886,381.1296082,334.7163391,187.2843628,170.7470245,371.9284
495.0700073,362.5527,321.5175,371.6356506,327.1270142,181.6992188,165.0140533,362.5527
495.9700012,353.1256,312.5713,362.8027954,318.3086243,179.1389465,161.0894775,353.1256
497.0100098,339.2127,302.1204,349.8323669,304.6074524,171.3508911,154.1222076,339.2127
498.0499878,328.6786,291.7571,337.877533,296.8198853,166.7961578,148.3032227,328.6786
498.9500122,318.3391,284.3018,330.5088501,292.5637512,161.9846954,144.9812012,318.3391
500,312.9272,277.2364,323.9584045,284.6794739,157.1997681,141.5944061,312.9272
501.0599976,301.3589,268.2379,310.401947,273.5673523,151.2014008,135.277832,301.3589
501.9599915,291.2784,260.9585,303.1149292,269.7268982,146.4329224,131.7309723,291.2784
503.0299988,280.9345,250.3064,294.278717,260.5684509,141.3833466,125.9411697,280.9345
503.9299927,274.1901,243.1523,285.6428223,251.9510956,137.8621063,124.4486389,274.1901
505,264.781,235.5984,277.4201355,243.6049347,134.1102753,120.9421005,264.781
506.0599976,258.0004,227.007,269.4944153,236.7738647,128.9753723,116.574791,258.0004
506.9599915,247.3736,221.3347,262.938385,230.6625977,125.2447205,112.093689,247.3736
508.0299988,237.4959,212.1882,254.3651123,224.5131989,121.1368408,109.5949173,237.4959
508.9299927,232.8817,206.9353,246.2387848,218.2583771,117.5774384,106.4154053,232.8817
510,224.3862,201.0562,238.4948578,210.59375,114.8368988,102.5548782,224.3862
511.0400085,218.7538,191.7101,231.9250488,204.1980591,109.790535,98.27233124,218.7538
511.9400024,209.666,188.6623,225.2281189,197.5905457,106.3882294,95.56309509,209.666
512.9799805,202.5192,181.065,217.4017944,193.3899841,105.6518402,93.75860596,202.5192
514.0200195,196.9277,174.805,210.9529114,187.4643097,99.79020691,91.43823242,196.9277
515.0700073,190.1694,170.1196,204.2902832,180.078186,97.60124207,88.31508636,190.1694
515.9699707,183.3308,162.8267,197.8346405,176.752533,94.27481842,85.52191925,183.3308
517.0100098,175.2912,158.605,191.4089203,168.2520905,91.36185455,81.75450134,175.2912
518.0499878,171.9625,152.6543,186.2065735,164.0568695,88.90480042,80.18711853,171.9625
518.9500122,166.3248,147.5941,181.6321106,159.2304077,85.56420135,76.48784637,166.3248
520,161.7079,142.3436,175.8981476,153.7968292,84.0881958,73.37479401,161.7079
521.039978,154.2044,137.0416,169.1883698,148.3907166,80.72246552,71.34700012,154.2044
521.9400024,149.4748,133.8236,163.4672089,142.7921295,77.94753265,70.4337616,149.4748
522.9799805,144.5743,128.5714,160.2571716,139.3978882,76.17536926,67.83087158,144.5743
524.0200195,139.4632,124.1863,155.3835907,135.7462769,73.52506256,64.89563751,139.4632
525.0700073,133.8353,119.5356,150.8185883,131.9950104,72.32268524,64.39557648,133.8353
525.9699707,129.5764,115.7869,145.6117249,128.3236389,69.91951752,62.15884018,129.5764
527.0100098,124.3974,113.2289,140.2583313,124.459549,66.98395538,60.17648315,124.3974
528.0499878,121.1858,108.6222,136.7150269,120.0969696,65.80789948,56.43590546,121.1858
528.9500122,117.4493,105.0394,133.1054382,116.3422394,63.05553818,56.18376541,117.4493
530,113.4444,102.0491,129.8256989,112.4973831,61.02079773,54.23160172,113.4444
531.039978,108.2551,98.13588,122.6299896,108.7141724,59.85896683,52.86331558,108.2551
531.9400024,104.1342,94.73353,119.2449493,104.9901123,56.50642776,51.37249756,104.1342
532.9799805,101.1467,91.51884,115.6257248,102.6670837,56.0150528,50.07312012,101.1467
534.0200195,97.97919,86.8392,112.8191833,98.77010345,53.99010849,48.57974625,97.97919
535.0700073,94.05715,84.54023,109.4419556,95.81847382,52.6825943,46.14539719,94.05715
535.9699707,90.64234,81.24719,104.7281799,92.06132507,50.54089355,44.53173828,90.64234
537.0100098,88.53976,78.72947,102.5070114,89.66280365,49.09289169,44.54768372,88.53976
538.0499878,85.73737,76.84892,98.25808716,87.2592392,47.75908279,42.46307373,85.73737
538.9500122,82.69914,73.66991,95.78414917,85.60452271,46.47279739,40.76771927,82.69914
540,78.08875,71.2496,92.1111145,81.93045044,45.46891022,40.04734039,78.08875
541.039978,75.38515,68.19823,89.75704956,78.75511169,42.74634171,38.28129196,75.38515
541.9400024,73.32815,66.41315,87.60720825,76.9878006,41.84360123,37.25466156,73.32815
542.9799805,70.55425,63.59489,83.82801056,73.65115356,41.08302689,36.70900345,70.55425
544.0200195,68.26456,61.73732,82.08863068,71.61952972,39.55017853,35.4383316,68.26456
545.0700073,65.83953,58.26949,78.59347534,69.55348969,37.60739899,33.89946747,65.83953
545.9699707,62.00623,56.37009,76.15455627,67.08971405,36.91659927,33.01771545,62.00623
547.0100098,60.8728,55.33263,74.067276,64.92536163,35.5424881,32.03911209,60.8728
548.0499878,59.41749,52.56923,71.18291473,63.01678085,34.63810349,31.19567108,59.41749
548.9500122,57.0905,51.48003,70.208992,60.90026474,33.95787811,30.03878593,57.0905
550,54.96997,48.96129,66.1039505,59.9437561,33.125,29.80673218,54.96997
551.039978,53.03299,47.1989,64.87320709,56.60752106,32.1629982,29.19176865,53.03299
551.9400024,51.46068,45.75882,62.86772919,55.96014786,30.6802597,27.68771935,51.46068
552.9799805,50.11047,44.89796,61.40062332,53.51877213,30.01280594,26.72883987,50.11047
554.0200195,47.18753,42.19937,59.12400818,52.0516777,29.07645798,26.0143261,47.18753
555.0700073,45.3421,40.77483,56.65206909,50.80399323,28.15854263,25.38390541,45.3421
555.9699707,43.76968,39.6829,55.36045456,48.30830383,27.86228943,25.1847496,43.76968
557.0100098,42.89705,38.46912,53.46762466,47.10985184,27.1773777,23.55695534,42.89705
558.0499878,40.8891,36.42369,51.91415024,44.84662247,25.9948101,23.26388931,40.8891
558.9500122,39.40788,35.52468,50.79810333,43.76864624,25.04618073,22.34036827,39.40788
560,38.11244,34.14538,48.96927261,41.57263947,24.53469849,20.8720417,38.11244
561.0200195,36.28097,33.00895,46.58703613,41.83239365,23.52702904,21.29929924,36.28097
562.0499878,34.66376,31.9222,45.28406906,40.16112518,22.75757408,20.57433891,34.66376
562.9400024,34.6567,31.28368,44.23791885,38.80509567,21.7974205,19.78549767,34.6567
563.9699707,32.57119,29.21452,42.34739685,37.62612534,21.09062576,19.03393364,32.57119
565,31.61552,28.09256,40.46939468,35.65524673,20.68232536,18.44633865,31.61552
566.0200195,31.0179,27.8386,39.69103241,34.64796448,19.99535179,17.98745155,31.0179
567.0499878,29.15532,26.72538,38.74967575,33.58951187,19.66632462,17.61513901,29.15532
567.9400024,28.49527,25.59385,37.64278412,33.00906754,19.1337204,17.39883995,28.49527
568.9699707,27.53316,24.53126,36.14789581,31.94073677,18.27686882,16.80288887,27.53316
570,26.27329,23.21048,34.76766205,30.5019989,17.76362228,15.7516222,26.27329
571.039978,24.76974,22.50211,33.81811523,29.69051743,17.57612038,15.40306664,24.76974
571.9400024,24.77066,21.80132,32.39999008,28.20312309,16.79801941,15.24868584,24.77066
572.9799805,23.47812,21.69245,31.87373734,28.01036453,16.56292725,14.58837986,23.47812
574.0200195,22.59147,20.62028,31.04128647,26.89088058,15.898736,14.37751007,22.59147
575.0700073,21.61914,19.3391,29.62289619,26.24876404,15.4070034,13.58637619,21.61914
575.9699707,21.20001,19.15843,28.69838333,25.40522766,15.30612278,13.66773319,21.20001
577.0100098,21.01669,18.74658,28.18333626,23.98088837,14.31200981,12.67952538,21.01669
578.0499878,19.72055,17.53331,27.34320831,23.88113403,14.32577133,12.56454372,19.72055
578.9500122,18.86734,16.9307,26.19500351,22.59576225,13.4219265,12.24746418,18.86734
580,18.06951,17.11138,25.64376259,22.10207367,13.1262188,11.54263592,18.06951
581.0200195,17.72821,16.18588,24.49925804,21.88219833,12.82855701,11.76947498,17.72821
582.0499878,17.41,15.44632,24.27627754,20.90022278,12.56349277,11.21057987,17.41
582.9400024,16.52562,14.7041,23.40980721,20.28053093,12.14767838,10.96552372,16.52562
583.9699707,15.86415,14.11033,22.41781235,18.94740105,11.75002289,10.59931469,15.86415
585,14.95304,13.57672,21.66206551,19.1469574,11.55985165,10.56058407,14.95304
586.0200195,14.65414,13.44201,21.23080254,18.38487434,11.43276405,10.07805824,14.65414
587.0499878,14.15102,12.55186,20.61634445,17.71185875,11.22610283,9.588110924,14.15102
587.9400024,13.62527,12.4932,19.87711716,17.17142868,10.470294,9.353016853,13.62527
588.9699707,13.11834,12.07068,18.99528503,16.13721848,10.12621307,9.071280479,13.11834
590,12.96562,11.39747,18.89626122,16.39417648,10.21977901,8.936443329,12.96562
591.0200195,12.28841,10.94852,17.96118736,15.99118137,9.71060276,8.865976334,12.28841
592.0499878,11.91661,10.72024,17.49346352,15.07724285,9.502470016,8.553469658,11.91661
592.9400024,11.93782,10.95538,16.88228416,14.56120205,8.994428635,8.203001022,11.93782
593.9699707,10.89701,9.950324,16.73091888,13.93691826,8.972781181,8.115007401,10.89701
595,10.80562,9.660955,15.8377161,14.34957504,8.667821884,8.113643646,10.80562
596.0200195,9.852753,9.131869,15.30350208,13.37114429,8.4360466,7.613652229,9.852753
597.0499878,9.892664,9.407644,15.08492851,12.95119381,8.107860565,7.109222412,9.892664
597.9400024,9.729153,8.859923,14.34011269,12.4169836,7.86614418,7.343695641,9.729153
598.9699707,9.416839,8.653481,13.9399395,11.90386486,7.35792923,7.237361431,9.416839
600,9.046322,8.191075,13.77922916,11.58736324,7.441259861,7.271074772,9.046322
601.0200195,8.492007,8.067303,13.01541805,11.2571764,7.519695759,6.743040562,8.492007
602.0499878,8.023609,7.473999,12.90627289,11.07755756,7.092478275,6.509527206,8.023609
602.9400024,7.934776,7.469598,12.33363342,10.88496971,6.786396027,6.258948803,7.934776
603.9699707,7.637752,7.294142,12.34790993,10.8334341,6.988330841,6.065869808,7.637752
605,7.662248,7.07415,11.53307819,9.827260017,6.753042698,6.001621723,7.662248
606.0200195,7.350008,6.560534,10.90096378,9.579878807,6.464970112,6.002400875,7.350008
607.0499878,6.873584,6.111136,10.76145172,9.276244164,5.880544662,5.735958576,6.873584
607.9400024,6.662751,5.842744,10.82260895,9.107113838,6.24156332,5.468161583,6.662751
608.9699707,6.449617,5.439343,10.50347328,8.939167976,5.822814465,5.398766518,6.449617
610,6.132083,5.978962,10.58339596,8.349859238,5.792731285,5.258948803,6.132083
611.0100098,6.14266,5.436078,9.924494743,8.385650635,5.570337296,5.064978123,6.14266
612.0200195,5.65982,5.164719,9.511096001,7.832038403,5.356099129,5.020514011,5.65982
613.039978,5.657665,5.003867,9.131524086,7.645580292,5.123814583,4.90444994,5.657665
614.0499878,5.349679,5.274916,8.776815414,7.671192169,5.042016983,4.646593094,5.349679
615.0700073,5.178083,4.96444,8.60195446,7.269293308,5.137664795,4.605618954,5.178083
615.9400024,4.964505,4.732866,8.333587646,7.370716095,5.094064713,4.396307468,4.964505
616.9500122,4.994759,4.474918,7.967572689,6.811968327,4.687479019,4.372378826,4.994759
617.9699707,4.889233,4.211397,7.508699417,6.647588253,4.491725922,4.14773035,4.889233
618.9799805,4.714598,4.215478,7.316372871,6.394221306,4.355492592,4.394360542,4.714598
620,4.507505,4.067184,7.536781311,6.337478161,4.538999557,4.129451275,4.507505
621.0200195,4.271725,3.615812,7.342588425,5.808927059,4.1495471,3.762166739,4.271725
622.0499878,4.438349,3.873087,7.259005547,6.118644714,4.210581779,3.728822708,4.438349
622.9400024,4.160175,3.526179,6.737071991,5.634309292,4.10436821,3.481808901,4.160175
623.9699707,3.893162,3.474102,6.370489597,5.698479176,3.927625179,3.537925482,3.893162
625,3.570012,3.488109,6.528452873,5.514510155,3.82273078,3.384305239,3.570012
626.0200195,3.300735,3.391721,5.926350594,5.131255627,3.620419264,3.072633266,3.300735
627.0499878,3.071916,3.251911,5.999401569,5.061199665,3.665167332,3.397355318,3.071916
627.9400024,3.150184,3.331747,5.839743137,4.730340481,3.50886631,3.213290691,3.150184
628.9699707,3.229914,2.86318,5.669521809,4.588253021,3.215774536,3.127432823,3.229914
630,2.751704,2.812495,5.277915478,4.396230698,3.315293789,3.189856529,2.751704
631.0100098,3.023739,2.572103,5.335988998,4.543881416,3.175249338,2.974880219,3.023739
632.0200195,2.831118,2.687401,5.164446831,4.28233242,2.963218927,2.831839561,2.831118
633.039978,2.58088,2.383302,4.728815556,4.212147236,3.089417696,3.047272682,2.58088
634.0499878,2.744028,2.303554,4.859101295,3.892535686,3.164384365,2.601661205,2.744028
635.0700073,2.707281,2.419576,4.726606846,3.655734301,2.929929495,2.674371719,2.707281
635.9400024,2.457447,2.218482,4.307229042,3.425228357,2.761869907,2.556625366,2.457447
636.9500122,2.358238,2.37736,4.151758194,3.437935352,2.661837101,2.346310139,2.358238
637.9699707,2.093752,2.301143,4.332626343,3.306938648,2.796025991,2.351076126,2.093752
638.9799805,2.375944,1.918532,4.004836082,3.318000078,2.74501276,2.480198383,2.375944
640,2.172559,1.854554,4.117957592,3.239073753,2.483014584,2.318215609,2.172559
641.0100098,1.948959,1.848513,3.870336294,3.311208487,2.505111694,2.4261868,1.948959
642.0200195,1.891522,1.821578,3.355352879,3.05791688,2.477526188,2.273688555,1.891522
643.039978,2.057898,1.689501,3.661403179,2.843572855,2.354714155,2.123879671,2.057898
644.0499878,1.819247,1.776693,3.589612722,2.865155697,2.383118868,2.10167861,1.819247
645.0700073,1.852844,1.699044,3.386141062,2.678678274,2.197772264,2.107144356,1.852844
645.9400024,1.71899,1.624708,3.248843431,3.035174847,2.383838892,1.78943038,1.71899
646.9500122,1.504971,1.600967,3.380315542,2.654745817,2.203856945,1.874872565,1.504971
647.9699707,1.651048,1.506001,3.180968523,2.550019741,1.967339277,1.825772882,1.651048
648.9799805,1.617899,1.442804,3.015120506,2.241545439,2.001704216,1.8481071,1.617899
650,1.566724,1.470656,3.257976532,2.307960987,1.82777667,1.852498174,1.566724