,Run1_10ppb_C1,Run2_10ppb_C1,Run3_10ppb_C1,Run4_10ppb_C1,Run5_10ppb_C1,Run6_10ppb_C1,Run7_10ppb_C1,CQD1_10ppb_C1,CQD2_10ppb_C1,CQD3_10ppb_C1,CQD4_10ppb_C1,CQD5_10ppb_C1,CQD6_10ppb_C1,CQD7_10ppb_C1,Run1_1ppb_C1,Run2_1ppb_C1,Run3_1ppb_C1,Run4_1ppb_C1,Run5_1ppb_C1,Run6_1ppb_C1,Run7_1ppb_C1,CQD1_1ppb_C1,CQD2_1ppb_C1,CQD3_1ppb_C1,CQD4_1ppb_C1,CQD5_1ppb_C1,CQD6_1ppb_C1,CQD7_1ppb_C1,Run1_20ppb_C1,Run2_20ppb_C1,Run3_20ppb_C1,Run4_20ppb_C1,Run5_20ppb_C1,Run6_20ppb_C1,Run7_20ppb_C1,CQD1_20ppb_C1,CQD2_20ppb_C1,CQD3_20ppb_C1,CQD4_20ppb_C1,CQD5_20ppb_C1,CQD6_20ppb_C1,CQD7_20ppb_C1,Run1_500ppb_C1,Run2_500ppb_C1,Run3_500ppb_C1,Run4_500ppb_C1,Run5_500ppb_C1,Run6_500ppb_C1,Run7_500ppb_C1,CQD1_500ppb_C1,CQD2_500ppb_C1,CQD3_500ppb_C1,CQD4_500ppb_C1,CQD5_500ppb_C1,CQD6_500ppb_C1,CQD7_500ppb_C1,Run1_50ppb_C1,Run2_50ppb_C1,Run3_50ppb_C1,Run4_50ppb_C1,Run5_50ppb_C1,Run6_50ppb_C1,Run7_50ppb_C1,CQD1_50ppb_C1,CQD2_50ppb_C1,CQD3_50ppb_C1,CQD4_50ppb_C1,CQD5_50ppb_C1,CQD6_50ppb_C1,CQD7_50ppb_C1,Run1_10ppb_C2,Run2_10ppb_C2,Run3_10ppb_C2,Run4_10ppb_C2,Run5_10ppb_C2,Run6_10ppb_C2,Run7_10ppb_C2,CQD1_10ppb_C2,CQD2_10ppb_C2,CQD3_10ppb_C2,CQD4_10ppb_C2,CQD5_10ppb_C2,CQD6_10ppb_C2,CQD7_10ppb_C2,Run1_1ppb_C2,Run2_1ppb_C2,Run3_1ppb_C2,Run4_1ppb_C2,Run5_1ppb_C2,Run6_1ppb_C2,Run7_1ppb_C2,CQD1_1ppb_C2,CQD2_1ppb_C2,CQD3_1ppb_C2,CQD4_1ppb_C2,CQD5_1ppb_C2,CQD6_1ppb_C2,CQD7_1ppb_C2,Run1_20ppb_C2,Run2_20ppb_C2,Run3_20ppb_C2,Run4_20ppb_C2,Run5_20ppb_C2,Run6_20ppb_C2,Run7_20ppb_C2,CQD1_20ppb_C2,CQD2_20ppb_C2,CQD3_20ppb_C2,CQD4_20ppb_C2,CQD5_20ppb_C2,CQD6_20ppb_C2,CQD7_20ppb_C2,Run1_500ppb_C2,Run2_500ppb_C2,Run3_500ppb_C2,Run4_500ppb_C2,Run5_500ppb_C2,Run6_500ppb_C2,Run7_500ppb_C2,CQD1_500ppb_C2,CQD2_500ppb_C2,CQD3_500ppb_C2,CQD4_500ppb_C2,CQD5_500ppb_C2,CQD6_500ppb_C2,CQD7_500ppb_C2,Run1_50ppb_C2,Run2_50ppb_C2,Run3_50ppb_C2,Run4_50ppb_C2,Run5_50ppb_C2,Run6_50ppb_C2,Run7_50ppb_C2,CQD1_50ppb_C2,CQD2_50ppb_C2,CQD3_50ppb_C2,CQD4_50ppb_C2,CQD5_50ppb_C2,CQD6_50ppb_C2,CQD7_50ppb_C2,Run1_10ppb_C3,Run2_10ppb_C3,Run3_10ppb_C3,Run4_10ppb_C3,Run5_10ppb_C3,Run6_10ppb_C3,Run7_10ppb_C3,CQD1_10ppb_C3,CQD2_10ppb_C3,CQD3_10ppb_C3,CQD4_10ppb_C3,CQD5_10ppb_C3,CQD6_10ppb_C3,CQD7_10ppb_C3,Run1_20ppb_C3,Run2_20ppb_C3,Run3_20ppb_C3,Run4_20ppb_C3,Run5_20ppb_C3,Run6_20ppb_C3,Run7_20ppb_C3,CQD1_20ppb_C3,CQD2_20ppb_C3,CQD3_20ppb_C3,CQD4_20ppb_C3,CQD5_20ppb_C3,CQD6_20ppb_C3,CQD7_20ppb_C3,Run1_500ppb_C3,Run2_500ppb_C3,Run3_500ppb_C3,Run4_500ppb_C3,Run5_500ppb_C3,Run6_500ppb_C3,Run7_500ppb_C3,CQD1_500ppb_C3,CQD2_500ppb_C3,CQD3_500ppb_C3,CQD4_500ppb_C3,CQD5_500ppb_C3,CQD6_500ppb_C3,CQD7_500ppb_C3,Run1_50ppb_C3,Run2_50ppb_C3,Run3_50ppb_C3,Run4_50ppb_C3,Run5_50ppb_C3,Run6_50ppb_C3,Run7_50ppb_C3,CQD1_50ppb_C3,CQD2_50ppb_C3,CQD3_50ppb_C3,CQD4_50ppb_C3,CQD5_50ppb_C3,CQD6_50ppb_C3,CQD7_50ppb_C3,Run1_10ppb_C4,Run2_10ppb_C4,Run3_10ppb_C4,Run4_10ppb_C4,Run5_10ppb_C4,Run6_10ppb_C4,Run7_10ppb_C4,CQD1_10ppb_C4,CQD2_10ppb_C4,CQD3_10ppb_C4,CQD4_10ppb_C4,CQD5_10ppb_C4,CQD6_10ppb_C4,CQD7_10ppb_C4,Run1_1ppb_C4,Run2_1ppb_C4,Run3_1ppb_C4,Run4_1ppb_C4,Run5_1ppb_C4,Run6_1ppb_C4,Run7_1ppb_C4,CQD1_1ppb_C4,CQD2_1ppb_C4,CQD3_1ppb_C4,CQD4_1ppb_C4,CQD5_1ppb_C4,CQD6_1ppb_C4,CQD7_1ppb_C4,Run1_20ppb_C4,Run2_20ppb_C4,Run3_20ppb_C4,Run4_20ppb_C4,Run5_20ppb_C4,Run6_20ppb_C4,Run7_20ppb_C4,CQD1_20ppb_C4,CQD2_20ppb_C4,CQD3_20ppb_C4,CQD4_20ppb_C4,CQD5_20ppb_C4,CQD6_20ppb_C4,CQD7_20ppb_C4,Run1_500ppb_C4,Run2_500ppb_C4,Run3_500ppb_C4,Run4_500ppb_C4,Run5_500ppb_C4,Run6_500ppb_C4,Run7_500ppb_C4,CQD1_500ppb_C4,CQD2_500ppb_C4,CQD3_500ppb_C4,CQD4_500ppb_C4,CQD5_500ppb_C4,CQD6_500ppb_C4,CQD7_500ppb_C4,Run1_50ppb_C4,Run2_50ppb_C4,Run3_50ppb_C4,Run4_50ppb_C4,Run5_50ppb_C4,Run6_50ppb_C4,Run7_50ppb_C4,CQD1_50ppb_C4,CQD2_50ppb_C4,CQD3_50ppb_C4,CQD4_50ppb_C4,CQD5_50ppb_C4,CQD6_50ppb_C4,CQD7_50ppb_C4,Run1_10ppb_C5,Run2_10ppb_C5,Run3_10ppb_C5,Run4_10ppb_C5,Run5_10ppb_C5,Run6_10ppb_C5,Run7_10ppb_C5,CQD1_10ppb_C5,CQD2_10ppb_C5,CQD3_10ppb_C5,CQD4_10ppb_C5,CQD5_10ppb_C5,CQD6_10ppb_C5,CQD7_10ppb_C5,Run1_20ppb_C5,Run2_20ppb_C5,Run3_20ppb_C5,Run4_20ppb_C5,Run5_20ppb_C5,Run6_20ppb_C5,Run7_20ppb_C5,CQD1_20ppb_C5,CQD2_20ppb_C5,CQD3_20ppb_C5,CQD4_20ppb_C5,CQD5_20ppb_C5,CQD6_20ppb_C5,CQD7_20ppb_C5,Run1_500ppb_C5,Run2_500ppb_C5,Run3_500ppb_C5,Run4_500ppb_C5,Run5_500ppb_C5,Run6_500ppb_C5,Run7_500ppb_C5,CQD1_500ppb_C5,CQD2_500ppb_C5,CQD3_500ppb_C5,CQD4_500ppb_C5,CQD5_500ppb_C5,CQD6_500ppb_C5,CQD7_500ppb_C5,Run1_50ppb_C5,Run2_50ppb_C5,Run3_50ppb_C5,Run4_50ppb_C5,Run5_50ppb_C5,Run6_50ppb_C5,Run7_50ppb_C5,CQD1_50ppb_C5,CQD2_50ppb_C5,CQD3_50ppb_C5,CQD4_50ppb_C5,CQD5_50ppb_C5,CQD6_50ppb_C5,CQD7_50ppb_C5
169,181.5470123,180.459137,179.5027161,180.1835785,179.9917297,181.5401459,180.520813,201.1329651,200.5274353,202.437088,202.1258698,201.2738495,202.2378235,201.0437012,192.550705,193.9697571,195.2494049,196.1420288,192.8792572,193.1612854,192.685257,211.796463,211.475235,211.1547699,211.6459656,213.4375763,211.6467285,211.0321198,165.2897797,165.6673737,165.6860809,163.8362427,166.7977295,166.2442322,166.594574,201.1329651,200.5274353,202.437088,202.1258698,201.2738495,202.2378235,201.0437012,138.3540955,139.0366058,138.9966125,140.036911,139.8174744,139.5284882,137.2377167,201.1329651,200.5274353,202.437088,202.1258698,201.2738495,202.2378235,201.0437012,186.4560394,186.6908875,190.0664368,192.1061401,188.6363373,188.7202759,186.0662231,212.394104,212.1156616,212.2543335,210.8321838,214.2461243,208.9955902,210.5830383,183.5176849,184.617981,184.3311615,182.0535583,185.142746,184.5938416,183.5864716,201.4725952,200.3278503,202.3406525,200.454834,200.7420349,200.9062347,200.8590698,197.9591827,197.5730286,198.5625305,198.9617767,199.162323,199.6909332,198.7696075,213.2516632,211.8958588,213.7332764,212.2780609,213.0677795,213.0715485,213.5891418,166.4042816,168.9820404,166.3014526,167.6562653,169.1083984,166.7734985,167.2461395,201.4725952,200.3278503,202.3406525,200.454834,200.7420349,200.9062347,200.8590698,141.8871307,143.5882263,142.371994,141.428299,142.7774353,141.657196,142.3840027,201.4725952,200.3278503,202.3406525,200.454834,200.7420349,200.9062347,200.8590698,177.4356384,179.9578247,179.6705933,178.9460754,180.6268616,180.5613403,179.7508392,206.4627533,206.5964966,205.4884033,205.2173615,203.4822083,206.7934265,204.7007141,181.4131775,180.9342346,179.301712,178.5731201,180.9633331,179.8107758,181.917038,194.4891052,195.2391968,194.7728271,196.0975037,194.9175873,185.1650085,195.5841827,165.1943817,165.8647461,164.7779694,164.7799835,165.1762238,164.7272491,166.2466278,194.4891052,195.2391968,194.7728271,196.0975037,194.9175873,185.1650085,195.5841827,137.1774902,136.0049896,137.5521393,136.4405518,137.2158813,136.7365265,135.9475708,194.4891052,195.2391968,194.7728271,196.0975037,194.9175873,185.1650085,195.5841827,175.4681854,177.2898865,175.3326111,176.4750366,177.2155762,176.0343933,176.024353,197.2715607,198.0905151,197.5200043,196.861618,197.614212,197.932251,197.5920868,182.6954498,182.5477753,182.2010345,182.9787903,181.7990417,183.8818665,181.635437,198.0938568,199.1622314,199.1969147,198.9305573,198.3840179,197.7623901,197.7848053,187.6522675,186.3126678,188.098999,187.5642395,187.3548126,187.5028839,188.2362061,203.0661011,201.1984711,201.4699249,200.8652496,201.7080994,200.6720734,200.842392,167.8507996,168.1011353,167.2671204,167.5935822,167.5528717,168.8347015,168.148056,198.0938568,199.1622314,199.1969147,198.9305573,198.3840179,197.7623901,197.7848053,133.7995605,134.4129028,134.244339,133.4161072,134.6527557,134.4367981,134.2744751,198.0938568,199.1622314,199.1969147,198.9305573,198.3840179,197.7623901,197.7848053,168.9837952,167.5083618,169.0239716,167.5706787,169.2580261,168.207489,168.1213989,187.024704,186.7850494,188.7727356,187.7069244,188.1390076,188.327301,187.717453,173.692688,172.7665253,174.2769775,174.7475586,174.8146515,174.2289581,174.9231873,187.0958557,187.2866364,188.3628082,189.8655243,188.322403,189.7350159,189.4934692,160.2849579,160.6422119,160.3879089,160.8222961,159.2855225,158.5009918,159.3768158,187.0958557,187.2866364,188.3628082,189.8655243,188.322403,189.7350159,189.4934692,135.2932892,134.0378876,134.0290833,135.6599121,135.1347198,134.9382935,135.3222504,187.0958557,187.2866364,188.3628082,189.8655243,188.322403,189.7350159,189.4934692,181.5643768,184.1892548,185.3954468,183.3531342,183.3983765,184.4699097,182.9342194,197.6183167,194.4954376,196.2006226,195.6298676,195.947113,196.2698059,196.0042877
170,174.4946594,176.8650665,175.4560547,173.9740295,173.7392731,174.0657196,174.6690216,196.3829803,196.6415863,194.667511,195.9031219,195.6736298,196.6746979,196.349823,188.5554199,187.9410553,191.3640289,189.4017334,188.9704437,185.6771545,188.7368469,207.9766083,206.0626373,205.5644226,206.8295593,204.7549744,207.5509491,204.299942,160.837204,159.2679291,161.7127838,159.7508087,161.5895081,160.4620667,161.031601,196.3829803,196.6415863,194.667511,195.9031219,195.6736298,196.6746979,196.349823,134.119812,133.6486206,134.5978241,134.4229736,134.5497742,134.2212677,136.1350098,196.3829803,196.6415863,194.667511,195.9031219,195.6736298,196.6746979,196.349823,182.4925995,180.9140472,184.3868561,185.128479,183.9901276,184.0706177,181.1500092,206.0532684,202.9938202,204.1595306,204.3150482,207.2915039,203.6200409,202.5033417,178.1740875,175.1548615,178.4756775,177.7579498,178.9329376,179.5364838,176.9342041,195.4936829,195.2431183,195.520462,195.0323486,193.6020966,192.2558289,194.8667755,192.633728,191.407196,194.2452698,191.8992157,193.3948669,192.1343994,191.157959,206.3051605,204.8748016,208.2056732,207.6129913,205.8706818,207.3957672,205.6382446,163.0961761,162.6229858,161.8653564,162.6053162,162.4164886,162.8104248,163.0325775,195.4936829,195.2431183,195.520462,195.0323486,193.6020966,192.2558289,194.8667755,137.1213989,139.0054016,137.8355408,138.3505554,136.4134369,137.9718628,139.8586273,195.4936829,195.2431183,195.520462,195.0323486,193.6020966,192.2558289,194.8667755,172.5136414,171.9965057,174.0055084,172.8205414,174.0574188,176.7729187,172.47995,199.0132599,199.2121277,199.085495,198.8620911,197.734024,199.2634125,198.5511627,173.9858093,175.5150146,174.6855011,175.6061249,175.7982025,174.790863,173.2464142,188.4051056,190.2855377,189.0681305,189.434845,188.6445007,178.3303833,189.0246735,159.0464325,159.6624298,159.9946136,160.3816528,160.3317566,159.6347504,160.4440308,188.4051056,190.2855377,189.0681305,189.434845,188.6445007,178.3303833,189.0246735,132.7149658,132.0349426,132.8521118,131.9605408,132.7272644,132.2420807,132.2303009,188.4051056,190.2855377,189.0681305,189.434845,188.6445007,178.3303833,189.0246735,170.4334412,170.2524719,171.2450256,171.401413,172.4871826,171.405365,171.1062622,190.965332,190.754837,193.0951385,193.0254364,190.6785126,191.7117462,191.3579254,176.5323639,177.200943,177.7028046,176.9178619,176.1286621,176.0587769,176.21875,193.8204498,191.4801941,191.8761749,192.5250092,193.0456848,193.148468,192.3301239,180.8588257,181.8418732,180.9263916,179.3473206,178.6124573,180.546875,182.1407166,194.6414032,196.3247681,194.6267242,194.2189636,195.9379272,195.7384338,194.9783173,163.6015778,163.1839294,160.9204407,160.7821503,162.4130249,162.5080719,162.2234497,193.8204498,191.4801941,191.8761749,192.5250092,193.0456848,193.148468,192.3301239,128.8016815,130.5964508,129.5098572,131.533371,131.2276154,130.4048157,130.519577,193.8204498,191.4801941,191.8761749,192.5250092,193.0456848,193.148468,192.3301239,164.0238647,162.9437866,163.3598785,162.1908112,163.1015625,163.1555176,163.575531,181.3020325,180.5196533,181.0020599,181.7580109,181.667923,181.7038116,181.994339,169.2353058,167.7178192,167.6097412,169.2129059,168.4497223,168.6980591,170.3358154,183.6962585,181.9358521,183.5666809,183.3585968,181.9972534,183.644043,183.0966797,155.7423706,155.4180908,154.6891022,154.8344879,154.4298706,156.1675873,156.2864532,183.6962585,181.9358521,183.5666809,183.3585968,181.9972534,183.644043,183.0966797,130.8089752,130.1034698,130.3632355,130.5142212,131.0721283,131.727417,132.3062592,183.6962585,181.9358521,183.5666809,183.3585968,181.9972534,183.644043,183.0966797,177.9664917,177.9738159,176.2124176,176.5973969,177.709259,177.4674988,176.2570801,190.641037,191.7997437,190.0552673,190.6297455,190.5571594,190.3828125,189.281189
176,145.1070557,144.5451202,145.0371246,144.6130829,143.7965851,145.2000732,144.118042,162.5270691,162.1407471,162.7298126,164.1713867,164.3473969,162.2999878,162.1842499,156.0970459,156.7963104,157.221283,155.7321777,156.7424164,156.7151642,156.1664124,170.2456665,170.4983521,171.6107025,170.7383728,170.7045441,171.5545349,171.1762085,133.0666046,132.8820648,133.0930939,132.2183228,132.1511536,132.5038452,132.6889343,162.5270691,162.1407471,162.7298126,164.1713867,164.3473969,162.2999878,162.1842499,114.1372375,112.459053,112.0903244,114.5424881,112.126358,112.7361755,113.3955688,162.5270691,162.1407471,162.7298126,164.1713867,164.3473969,162.2999878,162.1842499,151.1435089,150.2454224,153.8095398,154.5212555,152.5068359,153.0538177,149.7072754,171.7384644,171.6234589,171.6294861,169.1183167,173.065094,169.3493652,170.16008,148.6531982,148.0666199,148.3088684,146.6877899,148.1492767,148.4206696,146.2599792,160.7672424,160.8286133,162.0954742,160.4060822,161.3075867,161.2947998,162.8612976,159.2585754,158.8005066,161.224762,160.8158112,161.0171967,159.4315033,159.2183533,172.0870514,171.2460175,172.2934723,172.4607697,171.9712677,171.8050079,172.2753601,134.7836761,135.3331451,135.9013824,134.7861938,136.657486,136.1591797,134.6653595,160.7672424,160.8286133,162.0954742,160.4060822,161.3075867,161.2947998,162.8612976,114.8748856,113.9588165,115.8994217,115.76297,114.8509369,115.1752167,115.2662201,160.7672424,160.8286133,162.0954742,160.4060822,161.3075867,161.2947998,162.8612976,142.3671722,144.5260315,144.0038757,143.4662933,145.3643799,146.0296478,144.1868896,165.2148743,164.3595734,164.8207397,165.9238129,164.326004,165.7239838,164.0610809,146.1673126,145.6764984,143.3777771,145.9163055,146.5999146,144.2974243,144.0397797,155.3823853,156.9429626,156.8091583,157.2059021,157.279541,148.0706329,156.3370514,133.478653,132.8948212,132.7150574,133.9250488,132.6997375,133.844162,131.7174225,155.3823853,156.9429626,156.8091583,157.2059021,157.279541,148.0706329,156.3370514,109.783371,110.5594406,110.2182388,109.7727432,111.9119339,110.6185226,109.9478836,155.3823853,156.9429626,156.8091583,157.2059021,157.279541,148.0706329,156.3370514,142.6378021,142.2857666,143.7139587,142.916687,142.0332184,143.410614,143.2521362,160.188858,158.3529816,157.7051086,159.0759888,159.010437,159.787796,158.4268341,148.7729034,146.3824921,147.6555786,147.6731415,147.526413,145.4241791,146.1124725,157.7587128,158.616684,159.1704712,158.9590454,160.5736847,157.7964478,159.6834259,150.3380432,150.8551941,151.2017212,150.6440582,150.3491669,151.9608612,149.9960938,162.1297913,162.3129425,161.9268036,163.2453918,163.7443695,162.3413544,162.1552429,135.5759277,134.6476135,135.2158356,134.7044678,133.6681213,134.604126,135.4317169,157.7587128,158.616684,159.1704712,158.9590454,160.5736847,157.7964478,159.6834259,108.0171509,107.2829361,108.473999,109.1419296,109.1349411,108.1715088,110.2263565,157.7587128,158.616684,159.1704712,158.9590454,160.5736847,157.7964478,159.6834259,136.4342651,135.4489899,135.7437439,136.2829132,135.9862671,135.8052063,136.7889252,150.8891449,150.0833435,151.7117157,151.0644379,152.4760132,149.9745026,151.8643951,140.4727173,139.8990936,140.4141846,140.3130798,142.0005035,140.1397095,140.2309723,151.5445557,151.0014343,153.4566956,151.9484863,151.2848358,149.6175079,151.7954865,128.2249603,129.6391144,129.3040619,129.5894928,129.0757446,128.9078217,129.3509674,151.5445557,151.0014343,153.4566956,151.9484863,151.2848358,149.6175079,151.7954865,109.3626328,109.4001617,109.468071,110.1167374,110.3953476,109.5820465,110.284111,151.5445557,151.0014343,153.4566956,151.9484863,151.2848358,149.6175079,151.7954865,146.9586334,147.6486511,149.6532898,149.6152649,148.1712646,148.7413788,147.8650665,158.9301147,159.3190308,159.2761993,157.4498138,159.7123871,158.5193481,159.9511108
177,140.5402832,140.9121704,141.537796,140.9954071,141.1809998,137.712204,141.7243958,159.579895,158.2389526,157.8891449,157.0395203,157.777771,157.5686188,157.4347992,150.9483032,151.2720642,151.7519684,151.8432617,149.4633179,151.3612671,149.9095764,165.2902985,165.4897156,164.1044312,165.9226227,165.5849152,165.1439972,164.7036133,129.8804626,129.3440094,129.0178223,129.4725952,129.0933838,128.6335907,129.8087158,159.579895,158.2389526,157.8891449,157.0395203,157.777771,157.5686188,157.4347992,110.8017273,109.6142197,109.7450485,110.2165375,110.2214661,110.2049637,109.1362762,159.579895,158.2389526,157.8891449,157.0395203,157.777771,157.5686188,157.4347992,147.1036224,144.3074188,149.0510712,149.2045135,147.8878632,148.9476471,146.3595123,166.2099304,164.2974854,165.944397,163.1351166,165.3786774,163.5243835,162.9230652,143.7997437,144.0235748,143.8779602,143.4443665,143.4019165,144.0616913,143.0342407,158.1382141,155.6680908,157.0135345,156.9461212,155.0274963,156.6044617,156.3668518,153.9369507,155.1687164,154.7225189,153.8040771,156.1648254,155.1744995,154.6070709,166.6692505,164.9355011,163.9909668,167.6400299,165.480545,166.142868,166.2355652,130.3773346,130.6098328,131.0982361,130.6770325,132.2996063,130.9728699,131.8621216,158.1382141,155.6680908,157.0135345,156.9461212,155.0274963,156.6044617,156.3668518,112.1312103,112.5569763,111.4513626,111.9890366,112.9769363,112.1890717,111.5402908,158.1382141,155.6680908,157.0135345,156.9461212,155.0274963,156.6044617,156.3668518,137.9840088,139.9975586,140.2248535,141.1065979,139.6738739,141.7029724,139.812439,160.246048,160.8538971,159.1100159,159.9072571,158.1162109,160.167038,160.6000977,141.120285,139.7677765,140.0231628,139.7966461,140.5185394,139.7738647,140.2360687,151.1851654,152.7301025,152.7826691,151.9576416,151.896225,143.9572601,152.2631226,128.9099731,128.4300079,128.0394745,128.8169556,129.1555786,127.9868927,127.5709457,151.1851654,152.7301025,152.7826691,151.9576416,151.896225,143.9572601,152.2631226,107.2968674,106.4253006,106.5938797,107.9325027,106.8398285,107.983551,107.673996,151.1851654,152.7301025,152.7826691,151.9576416,151.896225,143.9572601,152.2631226,138.6904449,137.8305969,138.8162994,138.5924988,138.8469849,137.4467468,138.3596802,154.0751343,155.5562439,153.2818451,155.8011169,155.6700897,153.743576,154.2699738,141.9461975,142.4764252,142.2630463,142.5300598,144.0429382,142.8264618,142.276535,154.6306152,154.7410431,154.4556274,153.7713165,155.4216309,153.8695221,154.3845062,147.0885925,146.3141632,147.5676422,146.4343719,146.2817993,145.5054169,146.0567017,157.700119,157.5214081,157.5623474,159.2422485,157.3603973,158.1892242,157.5056,130.5645905,130.9252625,128.7452698,129.8603516,130.3303223,131.1345215,130.280365,154.6306152,154.7410431,154.4556274,153.7713165,155.4216309,153.8695221,154.3845062,105.1791687,103.8920288,105.4082413,105.337532,106.1140594,107.4713135,107.2430649,154.6306152,154.7410431,154.4556274,153.7713165,155.4216309,153.8695221,154.3845062,131.8976288,131.6317596,130.1646881,131.4781647,132.1569061,132.2236786,130.0185394,144.5558624,149.1594696,145.9325867,145.6772614,147.2289734,147.1344299,145.6502838,136.075943,136.5718536,136.5473785,136.5424042,136.3270264,135.7998047,136.5573578,147.6082458,146.4805756,147.3767395,146.5605164,145.9463501,148.6241608,146.0869751,124.5901642,125.1135178,124.7531433,125.0264359,123.6536331,124.1612778,124.1387787,147.6082458,146.4805756,147.3767395,146.5605164,145.9463501,148.6241608,146.0869751,104.8813629,105.9759293,105.6410446,107.2063522,107.2220078,106.5260162,106.6130142,147.6082458,146.4805756,147.3767395,146.5605164,145.9463501,148.6241608,146.0869751,143.1133575,142.7880096,144.1112823,143.0097198,144.1572418,142.5585632,143.8252716,153.9486542,154.3421783,153.3225403,153.7599487,152.5055695,152.4227142,152.666214
179,132.5352325,131.9945221,131.6993561,132.9758759,132.6717072,133.0053101,134.178009,147.8170776,147.570816,148.815033,147.874588,149.4141846,148.5013123,148.8733215,142.8878784,142.9057922,143.7371979,143.0481873,143.0028687,141.2858582,142.792099,155.5676727,155.7778625,156.2366943,154.9750519,155.2779846,156.8481293,156.6519012,122.7068405,122.8404007,121.5592422,121.9580688,121.1075897,122.9997253,120.9661331,147.8170776,147.570816,148.815033,147.874588,149.4141846,148.5013123,148.8733215,104.0294342,103.9501038,104.5050125,103.8578415,102.7720718,102.7083206,104.0046692,147.8170776,147.570816,148.815033,147.874588,149.4141846,148.5013123,148.8733215,137.8561707,137.6382904,140.0380859,141.0565186,139.3345184,139.1737823,137.2032471,155.9954681,155.3045807,156.2283783,155.2815857,158.7383423,154.6029968,155.5156708,134.8829346,135.539978,136.0081635,134.8425446,136.0742035,135.5346832,134.4265747,148.6091309,146.6748505,146.6597748,147.0033417,147.4798737,145.8748322,148.5448914,145.936142,146.688324,146.7421875,146.4151611,146.608078,146.7978668,144.5184937,157.5528564,157.6248932,156.5298004,157.4112549,156.9586945,156.6478119,158.2495728,123.1901855,122.7010727,123.5260391,123.9418335,125.017746,123.7189102,123.9537277,148.6091309,146.6748505,146.6597748,147.0033417,147.4798737,145.8748322,148.5448914,105.3090286,106.3192368,107.3968964,106.5133667,107.1799545,106.1201782,106.4732285,148.6091309,146.6748505,146.6597748,147.0033417,147.4798737,145.8748322,148.5448914,129.9895172,132.0101471,132.7195587,132.1075134,132.7753754,133.256012,131.6892548,152.2588654,150.9091644,150.7830505,149.0293274,150.2641754,150.6221313,150.4394379,133.3145752,132.5698395,133.050705,131.8789978,131.7822418,132.9936676,132.1668091,145.3640442,143.0098877,144.0242157,142.8833008,144.528717,135.313324,144.5918732,122.1611252,120.7133331,121.1391602,121.3627014,121.0544968,120.924942,121.2540283,145.3640442,143.0098877,144.0242157,142.8833008,144.528717,135.313324,144.5918732,101.6615372,101.2940826,100.5582352,101.5273972,102.1021423,101.8573608,101.6107101,145.3640442,143.0098877,144.0242157,142.8833008,144.528717,135.313324,144.5918732,130.524292,130.7767944,130.8348846,130.311615,129.9467163,131.3459167,129.9900665,145.9054413,146.3641052,145.6600342,145.7846832,145.3592224,145.7277679,146.8580322,134.1784363,134.2067108,133.120224,134.3183136,134.7100372,134.1221313,136.716629,145.5355072,146.1297913,145.7773438,144.3556824,144.796524,145.8801575,145.0694427,137.0439301,137.2227783,137.7553558,138.0005341,137.9607391,139.165741,138.0012665,146.8701172,147.3352356,147.5317688,147.7276306,148.8888855,150.4198608,149.4168549,124.3710327,123.0968552,123.0535812,123.7880096,122.9265137,122.8677444,122.6501465,145.5355072,146.1297913,145.7773438,144.3556824,144.796524,145.8801575,145.0694427,98.69637299,98.21303558,100.953598,98.41651154,100.0396652,99.85681152,99.61991882,145.5355072,146.1297913,145.7773438,144.3556824,144.796524,145.8801575,145.0694427,123.2518921,122.9787674,124.3470688,124.3860092,123.8678665,126.2621002,124.4159851,136.5255127,136.8643036,138.2734222,137.1760254,137.4719543,138.147934,139.04599,129.1804504,127.9958954,127.9393311,128.4536133,127.6505127,128.3835602,129.1483307,138.6944427,137.7324066,137.8551025,139.1665344,138.308197,139.5480194,139.0015411,117.3916397,117.6822205,117.978569,118.449173,117.4888535,117.6798401,117.9361572,138.6944427,137.7324066,137.8551025,139.1665344,138.308197,139.5480194,139.0015411,100.2172928,100.6981812,101.0758591,100.7136536,100.1653976,99.16881561,100.4041138,138.6944427,137.7324066,137.8551025,139.1665344,138.308197,139.5480194,139.0015411,133.6656494,136.5796051,136.1520386,136.0931091,134.8848267,134.9442596,134.7742004,144.856308,145.8715363,144.590744,144.6889343,145.0607605,144.588501,143.8747864
180,127.9734955,128.8840942,127.3203049,127.504837,128.4198761,128.0890961,128.6366425,143.5727234,143.6005554,142.6171722,143.5567017,143.1110229,143.8477173,144.0277252,137.7390137,138.8743744,138.0027313,139.332962,137.6303406,137.300293,138.523468,149.6452332,151.4375,151.7776489,151.1353302,150.6792603,151.3195953,150.5206909,118.1858597,118.8600693,116.4360657,118.4822998,118.0836182,118.4219131,117.9584274,143.5727234,143.6005554,142.6171722,143.5567017,143.1110229,143.8477173,144.0277252,101.0503235,99.97157288,101.0750122,100.8922272,101.6161652,100.6845703,100.2194824,143.5727234,143.6005554,142.6171722,143.5567017,143.1110229,143.8477173,144.0277252,134.3561096,133.9662781,134.6868286,135.7733307,135.1605988,135.1200562,132.836792,151.3893585,149.9818878,150.8964386,148.4720154,152.1775818,149.2458954,149.281189,131.27948,131.0540466,131.7082825,130.4859314,130.274231,130.442215,130.7601624,145.3752136,142.2626038,142.3126526,142.8197327,141.0831909,142.5821381,141.9432983,141.4256439,141.9267426,139.5218048,141.7466125,141.5643005,141.8990021,141.7230225,151.4788971,152.934082,152.4061737,151.548645,150.8658142,152.0105896,153.3094177,119.0143738,118.9627838,119.2664871,119.0240707,119.7119904,119.555954,119.7736053,145.3752136,142.2626038,142.3126526,142.8197327,141.0831909,142.5821381,141.9432983,102.1806183,101.9579926,102.9692841,103.179451,102.2009735,102.3479996,101.5930786,145.3752136,142.2626038,142.3126526,142.8197327,141.0831909,142.5821381,141.9432983,125.9441071,126.2596512,126.4498062,127.0639572,128.38797,129.0793152,126.5124512,145.5885315,145.678833,145.2213898,143.9657288,144.282608,143.4950714,143.9455872,127.4677505,127.6650543,127.2614746,128.2403259,127.6333008,127.6888962,126.2875366,139.0514526,138.6075745,138.1595612,138.5347443,138.4627228,132.028183,138.5641632,117.0919952,117.2938156,117.4330292,117.6391602,118.1305008,117.2373047,117.6240082,139.0514526,138.6075745,138.1595612,138.5347443,138.4627228,132.028183,138.5641632,96.62567139,99.27420044,99.50823975,99.8793869,99.01571655,98.21980286,98.48767853,139.0514526,138.6075745,138.1595612,138.5347443,138.4627228,132.028183,138.5641632,126.510231,125.6436844,125.9111176,125.4873734,125.8831482,127.0063553,124.5025101,140.7844696,141.0788422,141.0050354,140.3528137,140.0175171,141.8359985,139.9676361,130.8241119,130.5180817,130.4613647,129.113266,130.1914063,130.0434723,130.0519867,141.9662628,138.4966125,140.2296448,140.5307617,140.3268585,141.0246429,140.1246948,134.5182343,133.8705292,133.7289734,132.8351898,133.9391479,132.7461395,132.7884979,143.9962921,143.0944824,143.2611237,142.1779022,143.5579376,143.9167633,142.1884003,119.2379761,118.220459,118.8020554,119.196228,118.4680557,118.0733948,119.4801178,141.9662628,138.4966125,140.2296448,140.5307617,140.3268585,141.0246429,140.1246948,94.87779236,96.54949188,96.62444305,97.81279755,96.83039093,97.72041321,96.44242096,141.9662628,138.4966125,140.2296448,140.5307617,140.3268585,141.0246429,140.1246948,119.7051773,119.963356,119.9155121,119.5052948,119.9486237,120.66539,119.7462692,132.8141022,132.5825195,133.1013336,133.1260071,134.3861237,133.3352966,132.4506226,123.8389587,122.7406082,124.9686432,122.2638855,124.1318893,123.2070465,124.6434326,132.1836395,132.803009,133.77034,133.6345978,133.2412872,132.9031067,133.8864441,112.998291,113.5914459,112.8399963,113.2472839,112.4437103,114.4709473,114.1649704,132.1836395,132.803009,133.77034,133.6345978,133.2412872,132.9031067,133.8864441,96.63735199,95.76152039,97.25936127,97.10118103,98.15610504,96.36300659,96.61955261,132.1836395,132.803009,133.77034,133.6345978,133.2412872,132.9031067,133.8864441,129.6638641,130.5466919,130.7770538,131.2687225,130.6390686,130.7997894,130.1939545,140.9610901,139.4077148,138.9490509,139.4227753,139.9956207,139.8878479,139.1617889
181,125.6133194,122.979599,124.9559784,122.8575745,124.4615631,123.7713776,123.478981,139.1445618,138.4968719,137.6088257,138.3849945,139.1738281,138.6924744,138.1982117,132.7219849,133.8521118,132.2115326,132.2037964,134.682251,132.5223083,133.1730652,146.4646454,144.6890869,145.6658478,145.9233856,145.867157,143.5984192,143.4768066,114.507309,113.3267365,113.0026855,114.0933304,114.4886475,114.0820541,114.3530197,139.1445618,138.4968719,137.6088257,138.3849945,139.1738281,138.6924744,138.1982117,96.54026031,97.22892761,96.76969147,97.68974304,95.98491669,97.48068237,97.08467865,139.1445618,138.4968719,137.6088257,138.3849945,139.1738281,138.6924744,138.1982117,129.2146606,128.3060303,130.3084717,132.3664093,131.3787689,131.2814178,128.8535156,145.6201782,145.2518311,145.1317596,145.6978149,147.022644,144.5555573,143.3708649,126.5439224,127.1828384,127.1669083,126.5035095,126.1912003,125.6712494,126.2686996,137.8131866,136.4926758,137.8809357,139.010025,137.6062622,136.1399689,136.4381104,135.2427979,135.4328918,135.8803406,136.3135529,135.9210358,135.2528381,136.2503967,145.0432434,147.1147461,145.760788,146.9920197,146.2041779,147.1457672,146.8477325,115.1024246,115.9796982,116.4248276,116.0167084,115.5114441,114.9383469,115.4987335,137.8131866,136.4926758,137.8809357,139.010025,137.6062622,136.1399689,136.4381104,98.46655273,99.14311218,100.1797028,98.99337006,99.1607132,98.84841156,98.56666565,137.8131866,136.4926758,137.8809357,139.010025,137.6062622,136.1399689,136.4381104,122.1468964,122.2316284,122.5412216,122.245842,122.9096527,123.0150986,122.8823166,142.1548157,140.3014679,140.6637421,140.7586517,138.7695618,140.408493,139.6769562,123.3583069,123.0069427,123.9742966,122.844368,123.437767,123.7133942,123.8769302,133.3530426,133.1351624,133.8073883,134.1433563,134.081192,127.5185471,133.4176331,113.0687637,111.938118,112.1834641,112.2061615,112.939827,113.4904938,112.9257507,133.3530426,133.1351624,133.8073883,134.1433563,134.081192,127.5185471,133.4176331,94.23444366,94.82117462,95.21247864,95.64998627,94.62784576,94.7790451,95.67863464,133.3530426,133.1351624,133.8073883,134.1433563,134.081192,127.5185471,133.4176331,121.1266327,121.606987,122.7459106,121.3837891,120.8644028,121.940918,121.3837814,135.8325806,137.6453705,135.5100098,136.3439789,136.5631714,134.091156,135.15448,126.1385117,125.3189316,125.0989914,125.1455231,124.5417862,124.1620865,125.0751495,135.9476013,135.321701,134.6189728,137.0431519,137.3900604,136.4822388,136.3036499,129.1406403,129.005661,129.5265656,127.2212296,127.5380249,129.8227539,128.4181824,137.8409576,138.5094299,137.1917419,138.5310974,137.6730194,138.2623138,137.8655701,116.0606995,114.6401749,114.7763443,115.2124557,115.1952667,115.7788773,114.0168991,135.9476013,135.321701,134.6189728,137.0431519,137.3900604,136.4822388,136.3036499,92.70426178,92.08513641,93.21918488,93.59597778,93.55058289,93.47870636,93.40253448,135.9476013,135.321701,134.6189728,137.0431519,137.3900604,136.4822388,136.3036499,116.6708679,116.6548462,115.9972839,115.9180679,116.2097473,116.1520538,116.135376,128.24646,127.6535568,128.4455261,130.0547791,128.0439453,127.1436844,129.4341888,118.6877823,119.4181595,120.143692,120.8978653,120.3815536,119.6876907,119.9820251,127.1549454,128.7131805,127.9646149,129.8395233,129.3061676,129.5237579,128.2734985,110.0990524,109.993187,110.632843,110.2147217,109.6887741,109.2372742,109.8368149,127.1549454,128.7131805,127.9646149,129.8395233,129.3061676,129.5237579,128.2734985,93.98590088,94.16335297,93.30757904,93.67066193,93.68041992,93.31118011,94.11727905,127.1549454,128.7131805,127.9646149,129.8395233,129.3061676,129.5237579,128.2734985,125.6997604,126.6598663,125.7650833,126.6263885,125.590744,125.684021,125.9853821,134.7454529,136.4134674,136.0714722,135.6179962,133.6688385,135.9776459,134.8293915
182,121.4176178,122.1081085,121.34935,120.8010025,121.823616,122.2543869,121.2583923,135.5318909,133.71698,135.7274475,135.6557922,134.6959991,134.6810303,135.596283,129.9661102,130.3545685,130.5095673,130.6888428,128.5409088,127.9225311,128.7419281,142.6217041,142.8173981,143.0251465,142.6598663,141.7327728,142.197403,141.5544434,111.2974472,111.9033356,111.7319336,110.7556305,110.3096542,111.291275,109.8258591,135.5318909,133.71698,135.7274475,135.6557922,134.6959991,134.6810303,135.596283,94.95025635,94.28645325,94.14215851,94.45606995,95.21153259,94.16270447,93.78404236,135.5318909,133.71698,135.7274475,135.6557922,134.6959991,134.6810303,135.596283,125.983078,124.3961563,127.0229187,129.0098724,127.5988541,127.0417099,124.6647186,140.2778778,140.1430206,140.0414276,141.0526276,143.107132,141.285965,140.9606018,123.0207443,122.2797775,123.9560013,122.6500931,123.6492538,121.7614975,122.2380295,134.3923187,135.2315979,133.5406647,134.656189,133.3802795,134.4240875,133.9479828,132.5967712,133.6941681,133.3873749,133.5611725,132.0184631,132.9997711,131.8756714,142.8505554,143.7986908,142.2391663,143.0890045,143.3165131,143.3421173,143.7603455,113.086174,112.8576508,112.5610504,112.9652405,112.2756577,111.4447479,112.3972015,134.3923187,135.2315979,133.5406647,134.656189,133.3802795,134.4240875,133.9479828,97.09629822,96.36307526,97.23352814,96.84165955,97.52442932,96.30532074,97.35375977,134.3923187,135.2315979,133.5406647,134.656189,133.3802795,134.4240875,133.9479828,117.7379303,120.3677216,118.2232742,118.8148804,120.6288757,121.5947342,119.7700119,136.9262695,137.819046,136.3215332,136.1810303,137.9850311,135.5039825,137.5906677,121.0898361,120.9021378,121.2833633,121.4034195,119.6878128,121.6477127,121.595047,130.5539551,129.9339905,131.0770416,130.7848663,130.3287659,124.6012039,130.5642395,109.1248245,110.6672897,111.2338104,108.9081955,111.0334625,110.3324051,110.4721222,130.5539551,129.9339905,131.0770416,130.7848663,130.3287659,124.6012039,130.5642395,91.73132324,92.47850037,94.22431946,91.89898682,92.04897308,92.01454926,92.52609253,130.5539551,129.9339905,131.0770416,130.7848663,130.3287659,124.6012039,130.5642395,118.3571167,119.8135529,119.6479645,119.7432861,117.4052887,118.766922,118.840271,131.5980988,132.3475037,132.681427,132.0857697,132.7691193,133.8712158,132.2552795,121.9722443,122.4531326,122.6198044,121.7264633,122.0136871,121.3739319,122.620224,132.3298798,132.0265503,133.6039886,133.6480865,132.552536,132.0619659,132.5515442,124.3341522,125.1358566,126.0522614,127.7280273,126.1980362,125.0654144,125.9385376,134.1730347,135.4907074,134.7017059,134.6971741,134.1251373,134.4695892,134.7446442,111.9348907,111.8149185,113.1893921,111.5887985,112.8386307,112.0434494,111.2322464,132.3298798,132.0265503,133.6039886,133.6480865,132.552536,132.0619659,132.5515442,90.66123962,90.12742615,91.42242432,91.83308411,91.68000793,91.18418121,91.21537781,132.3298798,132.0265503,133.6039886,133.6480865,132.552536,132.0619659,132.5515442,112.4547272,112.6873932,111.956749,112.0597763,112.6787186,112.4297943,112.9982605,126.1964111,123.9159927,125.4263687,126.3300629,125.1564789,125.7122574,126.5811615,116.6148224,116.2399063,116.5226517,117.3669205,116.8255692,116.2654114,116.2414551,125.5770187,125.8663712,127.0741196,126.6238708,126.5763931,124.9655685,125.1519775,106.1445618,106.6945648,107.8546982,107.4165344,106.7105255,107.729187,106.7169189,125.5770187,125.8663712,127.0741196,126.6238708,126.5763931,124.9655685,125.1519775,92.09008026,91.34703827,90.67306519,92.23126984,92.32909393,93.13846588,91.5737381,125.5770187,125.8663712,127.0741196,126.6238708,126.5763931,124.9655685,125.1519775,123.3788757,123.4346237,124.0441589,123.2183838,123.7897568,121.9413376,123.7673569,132.7203522,132.2055054,131.0381622,131.6256714,133.0206451,132.8553009,130.3503265
183,116.9398422,116.9377213,118.2324448,118.5690842,117.013237,116.7666016,119.0881042,132.1206665,130.7615967,130.3135071,131.5521851,130.6158447,129.8757172,130.3566132,124.2311707,127.2480011,125.3674774,126.2660599,125.9557419,125.545845,126.9373627,136.4701233,138.6287231,137.4490051,138.8842163,137.8195343,136.1371765,137.5071564,108.225174,107.7226257,107.8037033,107.7263641,107.514473,107.3830643,107.9916306,132.1206665,130.7615967,130.3135071,131.5521851,130.6158447,129.8757172,130.3566132,92.76283264,92.97107697,93.09875488,91.18131256,92.62470245,91.24115753,92.57904816,132.1206665,130.7615967,130.3135071,131.5521851,130.6158447,129.8757172,130.3566132,121.1387863,121.7054138,125.0821762,124.8396301,123.9955139,123.8054123,121.7401657,139.6585846,138.2703705,137.8182526,136.4006958,138.5040741,137.1269684,135.7048798,120.1066589,120.1442795,118.9148331,119.5003891,119.8714981,120.1071014,118.8789139,129.5124817,130.7790985,129.8253937,130.3808136,131.146286,131.8591003,129.0806122,129.7198029,128.6806335,128.0294647,127.9945831,128.4932098,128.9801788,129.5355835,137.8957367,138.6575928,138.2927551,138.4207001,138.6847687,139.2841492,139.160965,108.3329468,109.979538,109.9419098,109.4406891,109.0697403,110.1995544,107.7700806,129.5124817,130.7790985,129.8253937,130.3808136,131.146286,131.8591003,129.0806122,93.16391754,93.96525574,94.63876343,95.24473572,93.21102142,94.65696716,94.15254974,129.5124817,130.7790985,129.8253937,130.3808136,131.146286,131.8591003,129.0806122,115.4774246,116.6943054,116.4203186,116.1656342,116.8365173,117.6697693,115.8878784,132.0847168,132.6827698,133.1779785,132.4798431,132.246994,133.2318268,132.3198853,117.2214127,116.6760178,115.8888092,117.0368042,116.3870621,116.6733093,117.5428085,126.2437134,127.2671814,127.8266449,125.4782791,126.9071579,120.7391891,127.2307205,107.381218,107.6376953,106.640274,107.6474762,105.6317215,107.7366333,106.1948242,126.2437134,127.2671814,127.8266449,125.4782791,126.9071579,120.7391891,127.2307205,90.05809021,89.00387573,89.99573517,89.6541214,89.60546112,88.70645142,89.3130188,126.2437134,127.2671814,127.8266449,125.4782791,126.9071579,120.7391891,127.2307205,114.8916855,116.0903778,115.7819595,115.4261093,115.5473709,114.7646942,114.951683,128.234024,127.4917984,128.8356934,128.389267,128.6818237,129.8639374,129.040329,118.8729324,118.5500259,119.2794571,118.6038437,117.9508362,119.5327148,117.6145782,129.927948,128.5665283,127.4511337,128.9857788,128.0473633,128.4550476,126.9361801,120.9682465,123.2837372,121.6417923,121.3212357,121.519989,121.0655594,119.4132767,129.0186768,130.2745056,130.9862061,130.5502319,131.9996948,132.2540283,128.9619598,110.029892,109.0898132,108.7507935,108.7656708,107.5953217,108.8948669,108.8148346,129.927948,128.5665283,127.4511337,128.9857788,128.0473633,128.4550476,126.9361801,88.79669189,88.20677185,87.89842987,88.34056854,88.6908493,88.85453033,88.69814301,129.927948,128.5665283,127.4511337,128.9857788,128.0473633,128.4550476,126.9361801,109.9227142,109.8375931,109.1902084,109.1058044,109.1474152,109.6359863,110.0142288,121.3379669,122.3791275,121.4517441,121.3078384,120.3648071,122.8913498,121.9336548,112.4545441,113.564621,113.3764725,112.6162872,113.6803894,113.7159653,112.4761887,122.0375671,122.0796585,123.3287888,122.8519669,122.522522,121.5910873,122.383255,103.5438385,103.5250244,103.8120804,104.2954025,104.4628372,103.5341644,104.6672592,122.0375671,122.0796585,123.3287888,122.8519669,122.522522,121.5910873,122.383255,87.78271484,88.71139526,89.01197052,90.1615448,90.06994629,89.51394653,89.16317749,122.0375671,122.0796585,123.3287888,122.8519669,122.522522,121.5910873,122.383255,120.1836929,118.9897385,120.7884598,119.9277802,119.6375275,118.8356781,118.6233749,127.7045593,128.1349487,128.2148438,128.1464081,127.976326,127.5773926,127.6068573
184,113.7796555,112.8451004,113.1898651,112.0240936,113.6069183,115.1818619,113.3607788,127.0002899,127.0081711,126.731041,127.0664597,127.1202698,127.1046677,126.4803543,122.2329025,122.9278946,122.8316879,121.3894119,121.2670364,121.5669708,121.7525787,133.3217163,133.1705933,133.1523285,133.8044281,132.8798523,132.7618408,133.8439789,104.2675629,104.6748734,104.6799164,105.055687,104.2509689,103.6085739,104.5605392,127.0002899,127.0081711,126.731041,127.0664597,127.1202698,127.1046677,126.4803543,89.13495636,89.3527832,89.47432709,89.20777893,88.51151276,89.13597107,88.65013123,127.0002899,127.0081711,126.731041,127.0664597,127.1202698,127.1046677,126.4803543,118.1698151,117.2973785,119.7674942,120.4678574,119.3628693,119.778244,117.955101,133.7931061,133.3536377,133.776413,131.792984,134.5434723,131.8409424,132.88797,116.0267487,117.9379272,114.8120346,115.9184952,115.3099899,115.7079849,116.2138443,126.303299,126.5850525,125.6971054,124.6022644,125.7943649,126.6323166,124.9865036,125.1250076,123.5823364,124.7455444,125.3655701,125.618248,125.8010864,124.5771103,133.4519043,134.665329,134.8799133,133.2679596,134.7936249,134.8340759,135.9889679,105.2245178,105.967598,105.7714615,106.331131,106.0096588,105.1455917,105.8097305,126.303299,126.5850525,125.6971054,124.6022644,125.7943649,126.6323166,124.9865036,90.51831055,92.48783875,91.26298523,90.79692841,90.83261871,90.79332733,90.79850006,126.303299,126.5850525,125.6971054,124.6022644,125.7943649,126.6323166,124.9865036,111.0018463,111.9054642,112.8145065,112.5439072,113.1922684,113.5938721,112.0046234,129.9249573,128.2331085,128.9182892,127.9450226,129.123703,129.0804138,127.20755,112.8835831,114.3635101,111.9101791,113.7982712,114.2427597,112.6933212,114.0294724,122.7799606,122.9409485,122.5755844,121.6797943,122.5597153,115.7105179,123.864357,102.6834946,103.0541992,103.228302,103.3440247,104.1330719,105.0638733,103.8167496,122.7799606,122.9409485,122.5755844,121.6797943,122.5597153,115.7105179,123.864357,87.06681824,87.95801544,88.28966522,87.97531128,88.12127686,87.43461609,87.17579651,122.7799606,122.9409485,122.5755844,121.6797943,122.5597153,115.7105179,123.864357,111.9013672,112.4929199,111.1075745,111.3822403,110.9670258,112.0424957,111.2982788,123.8361664,125.3172302,123.9237747,124.6570587,124.439003,122.6190872,124.7645111,114.8158264,114.0172958,114.2564316,114.516304,115.0301514,114.7667465,115.4929581,124.7303314,124.2030258,124.7270889,124.0323029,123.7886581,125.4587021,124.3121719,117.5458298,118.6052551,117.9297791,117.3126373,117.9368591,117.881958,118.1808243,126.4743805,127.0158157,126.5565567,126.2418747,126.322731,127.318428,127.805275,107.1509781,105.0252991,105.6100922,105.1791306,104.7437286,105.3805161,104.957756,124.7303314,124.2030258,124.7270889,124.0323029,123.7886581,125.4587021,124.3121719,85.21413422,85.04394531,85.21589661,85.69811249,86.01210785,85.5436554,86.54999542,124.7303314,124.2030258,124.7270889,124.0323029,123.7886581,125.4587021,124.3121719,105.7658005,106.8943558,106.2099075,105.021553,106.1028519,105.5649872,105.818634,115.6278076,117.6453247,117.7080231,117.1705246,117.4459534,118.459465,117.5891953,109.9134521,110.0658417,109.1159592,109.1313629,110.4309006,109.5786133,110.0989456,118.1652603,119.3045044,118.2257004,117.3216324,118.237175,118.9225082,118.2018585,100.2843628,102.3722839,100.4473877,101.1324158,101.2851028,100.7319641,100.3578644,118.1652603,119.3045044,118.2257004,117.3216324,118.237175,118.9225082,118.2018585,86.21089172,85.98882294,85.92398834,87.24781036,86.65567017,86.30597687,86.26820374,118.1652603,119.3045044,118.2257004,117.3216324,118.237175,118.9225082,118.2018585,114.7758865,116.1925812,116.1771545,115.3220978,116.2155914,115.3477707,115.5319214,124.0868988,125.0472946,124.2564545,122.5427017,124.1851425,124.4045868,122.8538971
189,98.81163025,96.5221405,97.26494598,96.50416565,97.32873535,97.31926727,96.98226166,107.7666321,108.3779602,108.8177719,108.8573685,108.6485367,108.7485275,108.5863953,104.4553146,104.9521713,104.9198074,105.1850891,104.3626862,103.7517471,104.664444,113.2836685,114.1342621,115.6144562,114.0107498,115.896431,114.1964722,114.3619766,90.02987671,90.16572571,89.86904907,89.43598938,88.34648132,89.62171936,89.00444031,107.7666321,108.3779602,108.8177719,108.8573685,108.6485367,108.7485275,108.5863953,76.44395447,77.30944824,77.86975098,77.23608398,76.41544342,77.57262421,77.7299881,107.7666321,108.3779602,108.8177719,108.8573685,108.6485367,108.7485275,108.5863953,102.9425354,102.0643768,102.6385803,104.1593857,101.181076,102.4124832,100.7341156,115.3216553,113.7375488,116.1447983,113.5772018,115.4117889,114.2440872,113.6882553,98.8755188,99.94657898,99.43670654,98.79780579,99.00511169,98.10214996,98.36952972,107.7799683,107.3330231,107.9003448,107.3802643,107.4389343,107.1726074,107.9223099,106.2022781,106.5341187,107.9031677,106.9066467,107.6665726,105.6630707,106.5237122,116.0250015,113.6416397,115.5243607,115.724472,114.2431183,115.0552292,114.363533,89.8483963,91.04077148,89.87427521,90.83551788,90.56031036,91.71350861,90.69396973,107.7799683,107.3330231,107.9003448,107.3802643,107.4389343,107.1726074,107.9223099,78.16641235,77.96749878,79.03611755,78.91763306,78.01708984,78.43257904,78.44316101,107.7799683,107.3330231,107.9003448,107.3802643,107.4389343,107.1726074,107.9223099,96.00811005,94.19940186,96.42170715,96.12856293,97.10623932,97.00239563,95.48828888,110.5175476,109.561142,110.9113922,109.7368393,109.3353271,110.4202652,109.0304337,96.6326828,96.82063293,95.79025269,97.81229401,96.6677475,96.93728638,96.44202423,105.3633194,104.6988525,105.5820389,105.2511444,104.4744186,99.21141052,105.1897964,88.2009201,88.7088089,89.04372406,89.15027618,89.11723328,89.31967926,88.9213028,105.3633194,104.6988525,105.5820389,105.2511444,104.4744186,99.21141052,105.1897964,74.54723358,75.09319305,74.44711304,75.3936615,74.5015564,75.3447876,74.74138641,105.3633194,104.6988525,105.5820389,105.2511444,104.4744186,99.21141052,105.1897964,96.07779694,95.69716644,96.23497009,95.9877243,95.0058136,95.7742157,94.92471313,105.8148804,106.7072678,108.0764694,108.171257,107.2008591,107.5228348,104.6686554,98.31391907,97.16963959,97.79398346,98.26863098,97.54571533,98.60297394,98.11576843,106.8842316,107.0831909,106.4781647,106.3336563,105.5127106,107.2410049,106.6705399,100.4659348,101.3426208,101.0714035,101.4405212,100.6606674,101.0656281,101.2254181,109.0210953,108.7908936,108.2090683,107.7832336,108.1938248,108.6525574,109.7436523,89.97324371,91.26650238,89.48796844,90.29097748,89.87401581,90.03882599,91.17827606,106.8842316,107.0831909,106.4781647,106.3336563,105.5127106,107.2410049,106.6705399,73.58740234,74.31767273,73.51003265,74.41470337,74.19880676,73.03049469,73.82006836,106.8842316,107.0831909,106.4781647,106.3336563,105.5127106,107.2410049,106.6705399,91.29972839,90.22434235,91.48293304,92.01242828,90.78424072,91.25057983,91.65274048,101.7314682,100.1222916,101.1192474,101.929306,101.2627945,101.8234177,100.3385468,94.28364563,93.8765564,93.38249207,93.62081146,93.92340851,93.98789978,94.29009247,101.0636597,101.1301575,102.0075912,100.9909134,100.638298,101.6532135,100.4699173,85.94134521,86.92879486,86.00470734,86.29279327,86.19038391,85.38626099,85.78573608,101.0636597,101.1301575,102.0075912,100.9909134,100.638298,101.6532135,100.4699173,73.74713898,73.15145111,74.82253265,73.7039032,73.25780487,73.17260742,74.37397003,101.0636597,101.1301575,102.0075912,100.9909134,100.638298,101.6532135,100.4699173,98.72012329,98.98880768,98.37326813,99.62277985,98.92333221,99.94571686,100.8030243,106.3549652,105.2955017,106.8524551,106.6750107,106.205307,104.8975906,105.9740906
190,94.94881439,94.6085434,93.31853485,94.10683441,92.70531464,94.58229065,94.72035217,105.5814285,104.8350525,104.771637,104.1798096,104.3425598,105.0765991,105.0651855,100.2781296,101.3796844,101.7694321,101.2393799,100.0318756,100.3376846,101.0598984,109.8646393,111.1234818,110.0863342,110.8465576,111.0208893,110.1743393,110.1308975,87.93930054,86.80187988,86.02285004,86.49407196,85.75525665,86.20410156,86.86706543,105.5814285,104.8350525,104.771637,104.1798096,104.3425598,105.0765991,105.0651855,73.68716431,74.64157104,74.9246521,74.33866119,74.03073883,75.42441559,74.09265137,105.5814285,104.8350525,104.771637,104.1798096,104.3425598,105.0765991,105.0651855,97.91034698,99.17682648,99.23722076,100.1818008,99.86193848,98.70340729,95.87931824,109.2130356,110.6046829,111.2345886,108.9238815,110.6736679,109.9902725,109.7356262,96.8331604,96.35054016,95.56433868,95.1256485,95.39865112,94.71920776,96.59453583,104.6785812,105.3203354,103.8235092,104.7136536,104.3028336,103.2563248,103.9124069,104.0022736,103.6960678,104.0654831,104.1326675,103.6347961,103.2178955,103.4047775,112.0863037,110.4285812,110.9603653,110.8879013,111.313591,111.7883987,111.3452606,86.95585632,88.60778809,87.43922424,87.45555115,87.21163177,87.09922028,87.7773056,104.6785812,105.3203354,103.8235092,104.7136536,104.3028336,103.2563248,103.9124069,75.27521515,75.55832672,76.05329895,76.55706024,75.99285126,76.15390778,76.11878967,104.6785812,105.3203354,103.8235092,104.7136536,104.3028336,103.2563248,103.9124069,91.71850586,92.63839722,93.42834473,93.01398468,93.23621368,93.63887024,92.20167542,107.1263809,105.677742,105.6117783,105.8013992,106.0822296,106.8399734,105.3372726,93.84822083,92.59938049,92.85403442,93.38883972,92.41650391,93.51269531,94.37098694,100.8087234,102.0182343,100.400116,101.7488098,100.7950211,96.3416748,99.7623291,84.96955872,85.6174469,85.49183655,85.8361969,85.11595154,86.32517242,86.66521454,100.8087234,102.0182343,100.400116,101.7488098,100.7950211,96.3416748,99.7623291,72.69611359,73.26364136,73.20366669,72.71846771,72.70394135,73.11782074,73.2436676,100.8087234,102.0182343,100.400116,101.7488098,100.7950211,96.3416748,99.7623291,92.57375336,91.9225769,93.8431778,93.80288696,94.08283997,92.92425537,93.27257538,104.0644073,103.2744446,103.6739807,104.1459122,103.6043854,104.505043,103.3665619,93.84870148,95.56019592,94.95225525,95.31356049,94.75227356,94.24939728,95.17978668,102.0575638,102.2591095,102.643692,102.868866,103.0062561,102.562149,103.1498795,96.70714569,96.55182648,96.53339386,96.79438782,97.50647736,97.90703583,97.38794708,104.5912704,103.7522736,105.1332016,103.8825073,106.5470734,105.2947693,105.718338,87.40148163,87.44615936,87.45070648,86.53755951,88.01643372,87.62005615,87.64442444,102.0575638,102.2591095,102.643692,102.868866,103.0062561,102.562149,103.1498795,71.60075378,72.70303345,72.10161591,72.20227814,71.00081635,71.84240723,72.58289337,102.0575638,102.2591095,102.643692,102.868866,103.0062561,102.562149,103.1498795,86.95652008,87.81401062,87.45981598,87.64680481,87.44776154,88.28754425,87.08843231,97.5437851,97.58375549,97.33309937,96.6588974,97.52829742,98.03168488,98.04066467,90.66356659,90.97428894,90.39070129,92.43162537,89.86595154,90.3364563,90.52057648,98.399086,97.86883545,98.13516235,97.46874237,98.83974457,98.44324493,97.28309631,83.73194885,83.28358459,82.53909302,83.20608521,82.8899765,82.71421814,83.4664917,98.399086,97.86883545,98.13516235,97.46874237,98.83974457,98.44324493,97.28309631,72.40164185,71.42100525,71.73833466,71.23458099,72.47214508,72.95163727,71.88978577,98.399086,97.86883545,98.13516235,97.46874237,98.83974457,98.44324493,97.28309631,95.53585052,95.07322693,95.94278717,94.94974518,95.66007996,95.83464813,96.36181641,103.0112,102.7490234,102.132225,103.1454468,102.7482834,103.2494583,101.4061813
191,91.56589508,90.33594513,91.12123871,91.39050293,90.63189697,90.38246918,90.83878326,102.0136337,100.8429642,100.5846634,100.5229492,101.0492554,101.7995148,101.2196503,97.91017151,97.85586548,98.35838318,98.81472015,97.03173828,97.75550842,98.01451874,107.5634232,107.1389313,106.7336884,107.4786987,106.7918091,105.5222931,105.7427979,84.0289917,83.28739166,83.86682892,84.1526947,83.58175659,83.77179718,82.74323273,102.0136337,100.8429642,100.5846634,100.5229492,101.0492554,101.7995148,101.2196503,72.55129242,72.27322388,71.9043045,72.05792236,72.50811005,71.34040833,72.35253906,102.0136337,100.8429642,100.5846634,100.5229492,101.0492554,101.7995148,101.2196503,95.20214844,95.04445648,97.14579773,97.03004456,95.21716309,95.76324463,94.10350037,106.2165375,107.1266861,106.0913849,105.902298,105.9429169,105.7867661,106.6292496,92.96615601,92.22774506,92.27091217,92.0012207,91.89205933,93.65455627,92.4388504,102.0530624,100.5756454,101.8412247,101.7135468,100.3563919,100.4192352,101.247879,100.4077072,100.0093002,99.96970367,99.69549561,99.99555969,99.56433105,100.0639114,109.5027161,108.4907837,106.6767349,106.9731064,108.3238983,105.9659195,107.4327393,83.23220062,85.87067413,85.62303162,84.81201935,84.50727081,84.16941071,85.09712982,102.0530624,100.5756454,101.8412247,101.7135468,100.3563919,100.4192352,101.247879,73.55782318,73.93647003,74.10094452,73.34031677,74.25869751,72.93979645,73.82653046,102.0530624,100.5756454,101.8412247,101.7135468,100.3563919,100.4192352,101.247879,88.8075943,90.04618835,89.3973999,88.83677673,89.49741364,89.71459961,89.30826569,102.0524368,102.0448303,103.4814148,102.6070557,102.4874039,103.0963669,101.1331329,91.09862518,90.78707886,91.67978668,89.47270203,90.97612,91.25359344,89.83784485,98.47022247,97.92427063,97.63884735,98.03127289,97.16309357,93.21318054,97.67526245,82.82579041,82.98386383,83.89061737,82.49755859,82.04734802,83.43746185,82.49802399,98.47022247,97.92427063,97.63884735,98.03127289,97.16309357,93.21318054,97.67526245,70.1697998,70.18825531,70.80475616,70.49749756,69.21781158,70.47360992,70.07496643,98.47022247,97.92427063,97.63884735,98.03127289,97.16309357,93.21318054,97.67526245,89.65411377,90.78703308,89.58032227,89.89390564,90.0351181,90.373703,88.39648438,98.83422089,99.99526215,99.84051514,100.0093079,98.88121796,100.0476303,100.0234451,91.87258148,91.67221832,92.5435257,91.59339905,91.73793793,90.96121979,90.99126434,98.8523941,99.09674835,98.36486816,98.60250854,98.13427734,98.64553833,99.00408173,94.03971863,94.59851837,93.9838562,93.81143951,93.74388123,93.89907074,93.8629837,100.5115585,101.1867676,101.1594925,101.0510941,101.5399094,102.5851746,101.3754425,84.5169754,85.40270233,84.12602997,84.0072937,84.14115143,84.12340546,84.76205444,98.8523941,99.09674835,98.36486816,98.60250854,98.13427734,98.64553833,99.00408173,68.27497864,68.42845154,69.24668884,69.15384674,68.2872467,69.81624603,69.58127594,98.8523941,99.09674835,98.36486816,98.60250854,98.13427734,98.64553833,99.00408173,85.0786972,85.42087555,84.76764679,86.13671112,85.61698151,85.36530304,85.27017212,93.81890106,93.91495514,93.4330368,94.92969513,92.52978516,94.54266357,95.10295105,86.71035767,86.68008423,88.85486603,87.67031097,87.3456955,87.37395477,87.27107239,94.40194702,93.87059784,94.57209015,95.23371124,93.95831299,95.0087204,94.9285202,81.00588989,79.78992462,79.97714233,80.35565948,79.91728973,80.56799316,81.29439545,94.40194702,93.87059784,94.57209015,95.23371124,93.95831299,95.0087204,94.9285202,69.46382141,68.50421906,69.22946167,70.10746765,69.65036011,69.75437927,69.94459534,94.40194702,93.87059784,94.57209015,95.23371124,93.95831299,95.0087204,94.9285202,92.76237488,91.23245239,92.93869781,92.56960297,92.49584961,92.33583832,93.93095398,100.5019455,100.0996628,99.04747009,98.59842682,99.5591507,99.12857056,100.1023331
194,82.64437103,82.83959198,82.12016296,83.59867096,82.6882019,82.09207153,81.57629395,93.21875763,93.06676483,92.80888367,92.4261322,93.66503143,92.72898102,91.23166656,88.35458374,88.62368774,89.27736664,89.32184601,88.46386719,89.58263397,89.51461029,98.10633087,97.82334137,97.72099304,97.80381012,98.90636444,97.90219879,97.80239868,76.67952728,76.33798218,76.50497437,76.02119446,76.61743927,75.52177429,77.08712006,93.21875763,93.06676483,92.80888367,92.4261322,93.66503143,92.72898102,91.23166656,66.10283661,65.79368591,65.94843292,65.89598846,65.58255005,65.54729462,65.92111969,93.21875763,93.06676483,92.80888367,92.4261322,93.66503143,92.72898102,91.23166656,86.14541626,86.10049438,88.407341,89.13459778,88.47671509,86.95194244,85.3819809,97.9460907,95.75280762,97.7607193,96.94694519,98.27413177,97.70800781,97.61361694,83.56874084,84.63350677,84.6700592,84.58010864,84.93399048,83.25558472,84.15177917,92.37568665,91.01875305,90.97678375,91.38401794,92.23204041,92.06987762,92.90325165,90.77524567,91.34117889,90.6513443,90.62162781,91.23195648,91.7924118,91.54216766,96.92301178,99.35772705,98.90770721,98.15629578,97.0906601,98.63516235,97.44945526,76.95346069,76.42727661,77.04239655,76.81491852,77.11771393,77.8531189,76.97286224,92.37568665,91.01875305,90.97678375,91.38401794,92.23204041,92.06987762,92.90325165,67.04547119,67.42247772,66.84378052,67.28764343,65.86322784,67.2589035,68.00250244,92.37568665,91.01875305,90.97678375,91.38401794,92.23204041,92.06987762,92.90325165,79.9209671,82.17423248,80.94604492,82.15246582,81.31178284,82.23703766,81.74349976,93.74253082,92.74397278,93.58564758,92.89485931,92.84162903,93.90142059,91.64538574,82.08592987,82.22154236,82.41184998,82.45269012,82.22209167,83.2687149,83.83023071,89.43685913,88.64382172,89.59542084,89.31414795,88.8794632,84.55653381,89.30606842,75.70277405,75.45233917,75.08807373,76.4560318,76.43785095,75.10330963,75.71961975,89.43685913,88.64382172,89.59542084,89.31414795,88.8794632,84.55653381,89.30606842,64.11994934,64.16470337,64.44484711,64.25763702,63.99207687,64.48331451,65.01777649,89.43685913,88.64382172,89.59542084,89.31414795,88.8794632,84.55653381,89.30606842,83.28834534,82.30582428,82.3863678,81.66538239,82.52502441,82.31429291,81.84418488,91.19816589,90.85126495,90.66503906,92.0645752,91.25069427,91.44029236,92.36523438,83.56216431,84.29682922,84.68213654,82.86723328,84.36945343,84.05583191,82.90225983,90.73538971,89.51036072,91.34578705,90.58430481,89.89187622,90.08280945,91.08685303,85.37476349,86.45475006,85.05821991,85.5187149,85.46343994,85.97193146,85.96743011,93.00549316,92.32118988,92.86894226,92.60469055,92.10118866,93.63774872,92.75268555,76.40068054,77.52753448,77.15310669,77.91888428,76.69083405,77.0704422,76.62520599,90.73538971,89.51036072,91.34578705,90.58430481,89.89187622,90.08280945,91.08685303,63.48040771,63.33665466,63.55971146,63.40245819,63.79214096,63.90141678,63.44831848,90.73538971,89.51036072,91.34578705,90.58430481,89.89187622,90.08280945,91.08685303,77.39264679,77.97953033,78.83473969,78.42027283,77.74869537,78.94659424,78.30461121,86.07115173,85.99911499,85.96977234,87.03154755,86.25244904,86.28105927,86.68648529,80.96627045,79.76712036,79.5371933,80.55232239,79.04751587,80.01660156,79.19361877,86.27173615,85.55150604,86.86937714,86.24558258,85.27617645,86.4680481,86.28058624,73.69889069,74.38079834,74.71211243,73.6031189,74.32984924,73.33641052,73.41498566,86.27173615,85.55150604,86.86937714,86.24558258,85.27617645,86.4680481,86.28058624,63.06120682,63.30320358,63.39964294,63.71174622,63.37984467,63.86610794,63.72198486,86.27173615,85.55150604,86.86937714,86.24558258,85.27617645,86.4680481,86.28058624,83.51344299,85.61182404,84.3081131,84.82622528,85.22823334,85.08521271,84.42192078,90.85614014,89.92726898,91.74152374,90.36248779,91.00443268,91.046875,91.3017807
199,70.77075195,70.4866333,69.47593689,71.21769714,69.65603638,72.15472412,71.21446991,79.56909943,78.96048737,79.84252167,78.67536163,79.87889099,79.02628326,79.62375641,76.75656128,75.66563416,76.01435089,77.52515411,75.54277802,77.13884735,76.37360382,83.4443512,84.16527557,82.5803299,82.86238098,83.59797668,83.90960693,83.098526,65.40809631,65.93103027,64.36867523,65.21530914,64.59896851,65.25408173,65.28126526,79.56909943,78.96048737,79.84252167,78.67536163,79.87889099,79.02628326,79.62375641,57.09055328,57.37291718,56.54771423,56.8202858,56.42618179,56.02194214,56.5215416,79.56909943,78.96048737,79.84252167,78.67536163,79.87889099,79.02628326,79.62375641,74.34676361,74.18061829,75.1931839,76.12494659,74.65396881,75.31537628,73.6243515,83.83343506,83.81572723,82.87615967,82.86392975,83.80955505,82.2583847,83.07748413,72.15707397,71.29843903,72.0960083,71.93305206,72.50328827,72.84412384,71.22455597,78.64794922,78.7618866,78.4227829,78.33933258,78.35275269,79.65216827,77.71195984,77.88493347,78.49944305,78.10752106,77.68170166,78.18493652,77.37262726,78.32427979,84.37802124,84.72288513,83.98062897,83.55279541,84.12062836,82.94415283,83.99906158,66.22169495,66.49903107,67.11513519,66.33734131,66.99564362,65.64387512,66.69348907,78.64794922,78.7618866,78.4227829,78.33933258,78.35275269,79.65216827,77.71195984,58.05138016,57.31216049,58.59844971,57.07357788,57.50268555,57.79966736,58.34970093,78.64794922,78.7618866,78.4227829,78.33933258,78.35275269,79.65216827,77.71195984,68.74807739,70.36476135,69.67378998,69.34825134,70.35144806,69.86135101,68.86947632,80.27722931,79.81113434,78.91170502,79.55136871,78.60060883,79.01907349,78.96444702,70.12718964,70.08496094,70.91809845,70.4858551,69.77768707,70.09028625,70.02945709,76.12119293,76.28907013,75.96655273,76.39982605,76.26199341,73.00536346,75.8261795,65.00222015,65.35113525,65.34402466,64.99563599,64.25405121,64.33613586,64.60514832,76.12119293,76.28907013,75.96655273,76.39982605,76.26199341,73.00536346,75.8261795,54.72674942,54.971241,55.95518494,55.54966354,55.10006332,55.52220154,55.42091751,76.12119293,76.28907013,75.96655273,76.39982605,76.26199341,73.00536346,75.8261795,70.57609558,70.18653107,70.51547241,68.94264221,69.75908661,70.29358673,70.43228912,78.65342712,76.82320404,78.34186554,77.19897461,78.54733276,78.11595154,78.65413666,71.69606781,72.31756592,70.42124176,71.27913666,72.08087921,71.11756134,71.39860535,76.68441772,77.03573608,77.04855347,77.35702515,77.33998108,76.86642456,77.8640213,73.33639526,73.27935791,73.07820129,73.49726105,72.05693054,73.24713898,73.59148407,78.98471069,79.86170959,79.02861023,78.65133667,79.69527435,78.80228424,77.9430542,66.7826767,65.35177612,65.75440979,65.17172241,65.50833893,65.56508636,65.55780792,76.68441772,77.03573608,77.04855347,77.35702515,77.33998108,76.86642456,77.8640213,54.62979126,54.79388428,54.6845932,54.89245605,54.36920929,54.87627411,54.26582336,76.68441772,77.03573608,77.04855347,77.35702515,77.33998108,76.86642456,77.8640213,66.67639923,67.81585693,66.18236542,66.54566193,67.20939636,66.80271149,66.19792175,72.97015381,73.54155731,73.15652466,74.74604034,74.51773834,72.92336273,73.46600342,67.42298889,68.19229126,67.51836395,69.58688354,68.3131485,67.35360718,69.21611786,74.01051331,73.40072632,73.87296295,73.83248138,74.43991089,72.93903351,73.84989166,62.70989609,62.77266312,62.86110687,62.38869858,62.83359909,63.05512619,62.20051193,74.01051331,73.40072632,73.87296295,73.83248138,74.43991089,72.93903351,73.84989166,54.35533905,54.98123932,54.59300232,54.32999039,54.73084259,54.74631119,55.23215866,74.01051331,73.40072632,73.87296295,73.83248138,74.43991089,72.93903351,73.84989166,72.39343262,72.61082458,72.67230225,72.13140106,72.45767212,72.43723297,72.33712006,77.03878021,77.03076935,76.5165329,77.19407654,76.09848785,77.39715576,76.88130188
