,Run1_1pM Pb_D1,Run2_1pM Pb_D1,Run3_1pM Pb_D1,Run4_1pM Pb_D1,Run5_1pM Pb_D1,Run6_1pM Pb_D1,Run7_1pM Pb_D1,CQD1_1pM Pb_D1,CQD2_1pM Pb_D1,CQD3_1pM Pb_D1,CQD4_1pM Pb_D1,CQD5_1pM Pb_D1,CQD6_1pM Pb_D1,CQD7_1pM Pb_D1,Run1_5pM Pb_D1,Run2_5pM Pb_D1,Run3_5pM Pb_D1,Run4_5pM Pb_D1,Run5_5pM Pb_D1,Run6_5pM Pb_D1,Run7_5pM Pb_D1,CQD1_5pM Pb_D1,CQD2_5pM Pb_D1,CQD3_5pM Pb_D1,CQD4_5pM Pb_D1,CQD5_5pM Pb_D1,CQD6_5pM Pb_D1,CQD7_5pM Pb_D1,Run1_1pM Pb_D2,Run2_1pM Pb_D2,Run3_1pM Pb_D2,Run4_1pM Pb_D2,Run5_1pM Pb_D2,Run6_1pM Pb_D2,Run7_1pM Pb_D2,CQD1_1pM Pb_D2,CQD2_1pM Pb_D2,CQD3_1pM Pb_D2,CQD4_1pM Pb_D2,CQD5_1pM Pb_D2,CQD6_1pM Pb_D2,CQD7_1pM Pb_D2,Run1_5pM Pb_D2,Run2_5pM Pb_D2,Run3_5pM Pb_D2,Run4_5pM Pb_D2,Run5_5pM Pb_D2,Run6_5pM Pb_D2,Run7_5pM Pb_D2,CQD1_5pM Pb_D2,CQD2_5pM Pb_D2,CQD3_5pM Pb_D2,CQD4_5pM Pb_D2,CQD5_5pM Pb_D2,CQD6_5pM Pb_D2,CQD7_5pM Pb_D2,Run1_1pM Pb_D3,Run2_1pM Pb_D3,Run3_1pM Pb_D3,Run4_1pM Pb_D3,Run5_1pM Pb_D3,Run6_1pM Pb_D3,Run7_1pM Pb_D3,CQD1_1pM Pb_D3,CQD2_1pM Pb_D3,CQD3_1pM Pb_D3,CQD4_1pM Pb_D3,CQD5_1pM Pb_D3,CQD6_1pM Pb_D3,CQD7_1pM Pb_D3,Run1_5pM Pb_D3,Run2_5pM Pb_D3,Run3_5pM Pb_D3,Run4_5pM Pb_D3,Run5_5pM Pb_D3,Run6_5pM Pb_D3,Run7_5pM Pb_D3,CQD1_5pM Pb_D3,CQD2_5pM Pb_D3,CQD3_5pM Pb_D3,CQD4_5pM Pb_D3,CQD5_5pM Pb_D3,CQD6_5pM Pb_D3,CQD7_5pM Pb_D3,Run1_1pM Pb_D4,Run2_1pM Pb_D4,Run3_1pM Pb_D4,Run4_1pM Pb_D4,Run5_1pM Pb_D4,Run6_1pM Pb_D4,Run7_1pM Pb_D4,CQD1_1pM Pb_D4,CQD2_1pM Pb_D4,CQD3_1pM Pb_D4,CQD4_1pM Pb_D4,CQD5_1pM Pb_D4,CQD6_1pM Pb_D4,CQD7_1pM Pb_D4,Run1_5pM Pb_D4,Run2_5pM Pb_D4,Run3_5pM Pb_D4,Run4_5pM Pb_D4,Run5_5pM Pb_D4,Run6_5pM Pb_D4,Run7_5pM Pb_D4,CQD1_5pM Pb_D4,CQD2_5pM Pb_D4,CQD3_5pM Pb_D4,CQD4_5pM Pb_D4,CQD5_5pM Pb_D4,CQD6_5pM Pb_D4,CQD7_5pM Pb_D4,Run1_1pM Pb_D5,Run2_1pM Pb_D5,Run3_1pM Pb_D5,Run4_1pM Pb_D5,Run5_1pM Pb_D5,Run6_1pM Pb_D5,Run7_1pM Pb_D5,CQD1_1pM Pb_D5,CQD2_1pM Pb_D5,CQD3_1pM Pb_D5,CQD4_1pM Pb_D5,CQD5_1pM Pb_D5,CQD6_1pM Pb_D5,CQD7_1pM Pb_D5,Run1_5pM Pb_D5,Run2_5pM Pb_D5,Run3_5pM Pb_D5,Run4_5pM Pb_D5,Run5_5pM Pb_D5,Run6_5pM Pb_D5,Run7_5pM Pb_D5,CQD1_5pM Pb_D5,CQD2_5pM Pb_D5,CQD3_5pM Pb_D5,CQD4_5pM Pb_D5,CQD5_5pM Pb_D5,CQD6_5pM Pb_D5,CQD7_5pM Pb_D5
85,827.3704224,832.2677002,828.9528809,832.0560913,831.7196655,830.3667603,831.2406616,940.6395264,941.9138794,938.9709473,937.446228,938.8963623,942.1936646,937.2214966,858.763855,855.3011475,855.7051392,856.2874146,855.3063354,851.6837158,856.9827271,946.2993164,950.0031738,947.8597412,949.866394,945.2529907,953.84021,949.8859253,860.3297729,856.9929199,861.3501587,857.2597046,854.8392334,854.9213257,858.5871582,942.3274536,943.0805054,939.593689,939.593689,939.8805542,938.2800903,942.5700684,866.1824341,860.0106201,862.8694458,862.1003418,866.6075439,864.1849976,859.4227905,938.0914917,941.7340088,941.9014893,937.1931152,939.8255005,939.7360229,940.1682129,858.9841919,859.9257813,860.3806763,860.4732056,858.4464111,858.0959473,856.6964111,935.3457031,938.9744263,934.4269409,936.1864624,939.9604492,938.3039551,937.1062012,872.8305664,872.1358032,869.447937,869.6047363,871.7384033,867.4777222,868.2374878,949.9071045,954.8599854,958.2467041,956.4998779,954.9108887,952.0795288,957.2243042,854.4157104,853.5705566,853.3555298,853.6802368,853.2876587,850.9047852,854.5629883,935.37323,938.1486206,939.3074951,936.729248,938.0566406,933.2887573,935.7210083,849.3273926,855.8949585,852.385498,854.2937012,855.2092896,849.8517456,854.2704468,929.7913208,936.0365601,931.562561,937.4726563,934.6682129,933.8928223,939.9675903,841.0345459,841.0639648,841.8027954,844.0175171,840.4111328,844.1964111,842.4304199,945.9368286,942.3624268,940.6001587,940.1693115,945.9949951,946.3892822,942.7600098,841.0345459,841.0639648,841.8027954,844.0175171,840.4111328,844.1964111,842.4304199,945.9368286,942.3624268,940.6001587,940.1693115,945.9949951,946.3892822,942.7600098
81,824.1721191,827.2579956,827.3188477,827.5941772,831.9822388,833.1369629,828.1618652,937.0579224,938.8239136,941.9522095,936.6348267,936.7236938,938.5804443,938.5189209,858.4188232,856.8662109,851.4242554,861.2642822,853.9672852,849.9373779,857.1383667,947.9161377,946.9066162,952.4309082,947.6765747,949.6398315,949.392334,950.793457,858.211731,858.8282471,858.220459,857.2851563,856.3363037,855.5427856,858.0106812,942.2167358,940.0065308,936.338501,936.338501,936.7556152,939.9342041,937.6804199,858.2837524,860.5411987,860.8129883,858.5736084,860.3046265,867.4424438,865.2879028,941.0623779,940.3042603,940.0636597,931.2741089,936.921936,936.2452393,934.4145508,855.1918945,858.3243408,857.0316772,855.1946411,852.4885254,857.7962036,859.9788208,938.9282837,936.3312378,938.2162476,940.0805664,934.5738525,941.2203979,934.1878662,870.2608643,870.3113403,866.1971436,868.6973877,869.5527954,867.9015503,868.9580688,949.1920166,954.3560181,950.7307129,952.2426758,957.7207031,956.1293945,949.7359619,852.5996094,855.4101563,852.2315674,850.295105,854.6186523,852.3101196,850.2622681,936.2062378,934.5872192,929.1325073,935.0510864,931.0163574,933.2536621,931.4985352,854.5526733,851.7177124,851.3189087,850.5396729,851.4307251,851.682251,851.4936523,931.3307495,933.5708008,936.5557251,934.828064,933.5477905,932.8549805,935.2963867,840.3789673,838.3936768,837.7306519,840.9478149,839.4606934,840.5175781,838.0881958,940.6903687,940.088562,936.2883301,939.9364014,936.6605225,938.7553711,937.0318604,840.3789673,838.3936768,837.7306519,840.9478149,839.4606934,840.5175781,838.0881958,940.6903687,940.088562,936.2883301,939.9364014,936.6605225,938.7553711,937.0318604
86,827.6240234,829.0757446,831.5002441,831.6286011,830.5808716,830.6594849,832.9589844,937.1043701,938.4454956,937.2828979,938.4905396,939.8461914,939.6342773,938.4309082,854.5873413,856.9293213,851.4932861,860.1864014,857.3584595,855.0074463,855.9868164,941.984436,947.8814697,947.7332764,949.7139893,948.4152222,950.0837402,948.9694824,855.6479492,856.4159546,863.1897583,855.7039185,852.7843628,857.4580688,860.2244263,940.9116211,942.4487305,937.3778076,937.3778076,940.607666,939.0513306,940.9696655,860.8344727,861.546936,860.2240601,857.7337036,860.7940674,861.440918,859.7679443,935.5357056,936.6021729,940.6889648,931.9192505,942.8739014,936.7249146,935.2158203,855.9959717,855.3060303,857.6087036,856.8082275,857.2449341,858.9345093,856.7178955,937.7530518,936.9507446,934.4359131,935.8485718,935.963562,937.0914307,935.5114746,872.9603882,868.0446167,867.9501953,868.0446167,869.4976196,870.8106689,866.0963745,949.9348145,953.987915,950.151062,950.0504761,952.6525879,953.2904663,954.5777588,849.0689087,851.8547363,850.93927,850.6825562,851.2590942,852.7682495,851.6381226,935.6748047,935.7394409,937.6577759,935.9017334,934.4146729,931.5942383,940.7042236,856.6105347,854.0360718,854.2011108,851.7088013,851.6522827,850.7768555,851.4158325,931.0500488,935.2819214,930.5665283,940.2443237,937.378418,937.109375,934.4943848,838.9238892,843.1083984,839.7718506,847.3584595,839.7009888,838.5765381,840.3450928,941.1622314,941.0072021,940.8607178,940.8443604,938.4672852,936.918335,936.602417,838.9238892,843.1083984,839.7718506,847.3584595,839.7009888,838.5765381,840.3450928,941.1622314,941.0072021,940.8607178,940.8443604,938.4672852,936.918335,936.602417
83,828.8873901,833.8746948,835.6016235,830.8206177,834.3661499,832.4785156,832.5609741,935.0014038,944.1864014,939.7188721,937.7536621,938.2470093,939.7188721,938.6657104,855.77771,858.3370361,854.4611206,857.7584839,856.7863159,858.6031494,855.6641846,950.0445557,953.6727905,951.1601563,953.0044556,948.7547607,952.7453613,955.045166,858.2366333,856.6679688,855.3434448,862.2778931,856.4379272,857.3745117,857.2025757,941.2594604,942.725708,940.6376953,940.6376953,945.562561,942.0927734,938.9251099,865.8964233,860.4453735,862.413147,860.9857178,862.6376953,864.9022827,867.1574097,934.9753418,939.0551147,934.399231,940.1947021,936.1564941,937.5738525,941.338623,860.0994263,858.8201904,854.9956665,860.5064697,858.725769,858.2478638,860.2052612,937.814209,936.0716553,940.4638062,936.0111694,939.9812622,937.4073486,942.3804321,868.9605103,870.0518188,869.4838257,876.1376953,870.4625244,870.0929565,868.6647339,951.0406494,954.1592407,957.0906982,951.8602295,958.6949463,951.9431763,953.2215576,853.3408813,854.5134888,850.3486328,855.1160278,855.2770386,850.8948975,854.0936279,936.1559448,932.5042725,936.444397,935.3965454,935.5193481,932.583374,935.7631226,850.7329102,852.6630859,850.8790283,854.9603882,850.3093872,849.3345337,852.170105,935.2965698,938.8099365,933.6913452,935.9663696,934.6053467,937.6486816,933.8135986,840.5484619,839.4544067,844.194519,838.9762573,840.4541016,842.446167,843.5168457,945.3448486,939.8155518,939.8703003,939.9393311,944.8306274,943.0909424,937.0302124,840.5484619,839.4544067,844.194519,838.9762573,840.4541016,842.446167,843.5168457,945.3448486,939.8155518,939.8703003,939.9393311,944.8306274,943.0909424,937.0302124
79,828.5714111,822.3198242,822.4302979,827.9276123,826.8435059,826.6298828,822.1687622,935.0518799,931.8929443,932.496582,934.0994873,931.9640503,930.1997681,934.4413452,856.7132568,849.2411499,855.4813843,848.0070801,847.1742554,846.0889282,848.40625,944.1573486,942.3620605,944.5882568,941.8711548,943.4840698,941.788208,943.4080811,850.9459229,850.1966553,852.5358276,853.8488159,852.8504028,849.3530884,853.0054321,937.711731,935.0797729,939.2992554,939.2992554,931.4790039,935.3590698,939.0591431,857.4682007,854.7926025,857.1340942,856.0874634,863.670166,855.9561157,855.4616089,935.6151123,938.2003784,932.2975464,930.0175781,932.4969482,933.2058105,934.4389038,849.8608398,852.3214111,850.7880249,854.4123535,854.703064,852.3944092,853.4967041,928.7688599,930.1287842,931.6622925,930.9649048,930.1841431,931.6409302,930.5217285,863.2648315,861.8990479,861.0154419,867.5403442,862.1531982,862.3676758,866.6696777,946.0881348,949.5058594,951.2590942,947.3839722,948.3556519,950.0599976,949.7727661,845.1190186,843.5078735,846.850708,845.7106323,848.0739746,844.5178833,848.3608398,931.7932739,928.3242188,933.0281372,929.8884277,928.9902344,930.2755127,926.9229126,847.1627197,848.5622559,847.7659302,845.8102417,850.8794556,848.6500854,847.6411133,927.6161499,928.9450684,931.3496704,927.2888184,932.8181763,930.4746094,931.1452637,834.9941406,840.4224854,835.2108765,836.7394409,839.0703125,834.9931641,835.6977539,940.3820801,936.178894,935.4205933,936.5687256,934.3959351,934.3773193,935.5670166,834.9941406,840.4224854,835.2108765,836.7394409,839.0703125,834.9931641,835.6977539,940.3820801,936.178894,935.4205933,936.5687256,934.3959351,934.3773193,935.5670166
74,802.8587036,797.645874,799.9968262,803.9387817,800.8619995,803.8815918,802.5797729,905.4221191,909.4680786,904.0860596,907.6389771,904.8966064,906.5401611,906.1146851,825.2421265,820.1279907,824.1835327,826.9981689,824.7471924,822.449585,829.3656006,918.5405884,917.1179199,913.6950684,916.8397827,913.4605103,915.9480591,915.0283813,825.9589233,825.3534546,830.7513428,826.7303467,827.1627808,825.894043,829.0029297,906.5081787,904.3924561,904.1633301,904.1633301,907.4438477,904.9085693,902.0182495,836.6937866,836.5675049,832.3551025,832.8834839,830.7744141,832.5625,829.1109009,905.2636719,906.8493652,906.1063232,910.8238525,908.9842529,905.2144165,911.9958496,824.6966553,829.8687134,828.7062378,827.2059937,827.135376,830.0539551,827.9689331,904.1677856,902.3373413,902.9337769,906.8284302,906.2007446,903.1925049,902.869812,841.0891724,837.5527344,840.0159302,836.9028931,834.1466064,835.9674072,837.5924072,915.2558594,918.6682739,916.6298218,918.592041,923.0141602,923.7338257,917.3569336,822.1138916,823.8709106,823.6774902,819.1939087,821.1792603,825.5574341,823.1524658,900.1451416,905.6969604,906.1369629,902.1583862,905.9404297,896.4450073,897.8649292,821.4204102,823.3601074,822.9573364,820.7155151,827.8192139,821.4876099,825.0406494,900.7852173,900.7373657,902.6087646,901.9961548,902.2173462,895.3647461,905.5299683,811.6751099,809.2319336,810.0857544,813.0736694,811.5783691,810.3964844,814.5419922,910.887207,905.5270996,905.8399048,908.8184814,906.491333,907.5195923,902.5464478,811.6751099,809.2319336,810.0857544,813.0736694,811.5783691,810.3964844,814.5419922,910.887207,905.5270996,905.8399048,908.8184814,906.491333,907.5195923,902.5464478
84,829.8450317,829.7723389,832.6295166,831.2189331,831.8280029,834.4588623,837.5100098,939.1848145,938.3927612,944.4885254,940.1782837,944.8839722,942.4849854,935.7264404,858.3328247,855.0580444,855.3040771,852.7966919,857.0015869,862.4215088,857.7537231,947.7929077,950.4554443,951.338501,950.6795044,948.7747803,950.3920288,950.6340332,861.132019,857.9940186,860.090332,857.7537842,856.3659058,854.5841675,861.6710815,946.7564697,942.6413574,939.7254639,939.7254639,941.081543,939.7245483,940.0350342,862.3272705,868.37146,864.7796631,860.2711792,864.6264038,859.3850708,861.1414185,941.1332397,939.6999512,943.8209229,938.4909668,938.0424194,942.4528198,936.3377686,859.4604492,860.2911987,857.5979004,857.7268677,857.1340332,863.4408569,860.6574097,940.1784058,940.6617432,936.6590576,938.8636475,937.2719727,940.8264771,935.2843018,872.0246582,872.6502686,867.9022217,873.3465576,868.328125,866.2821045,869.1401367,951.1934204,957.065918,958.2088013,960.2815552,959.0647583,954.9465332,954.4813232,853.2121582,851.2276001,852.4238892,854.182251,855.8421021,851.4226685,854.1901855,936.2648315,932.8168945,935.6921387,935.690918,932.6740723,933.8339844,935.7384033,850.8259277,855.4564819,856.539856,851.8341675,852.6344604,849.8817749,854.6566772,936.3548584,932.8927612,933.8747559,934.019043,937.9117432,937.5804443,935.1466064,839.0923462,845.1732788,841.5378418,841.5765991,841.9376831,846.8601685,844.0750732,942.3046875,942.177124,942.0018921,938.2184448,939.7489624,945.4866943,946.9874878,839.0923462,845.1732788,841.5378418,841.5765991,841.9376831,846.8601685,844.0750732,942.3046875,942.177124,942.0018921,938.2184448,939.7489624,945.4866943,946.9874878
89,818.6890259,821.9691772,820.0495605,820.9199219,824.5175171,823.3812256,824.4921265,929.9368286,928.1732788,934.8571777,926.1442261,926.6330566,930.3276367,931.4297485,854.3765869,848.0948486,848.3470459,847.4348145,847.4165039,847.5148315,846.6738281,938.5610962,942.6981201,943.5880737,940.5452271,946.0655518,941.7324219,940.5579224,849.803833,847.7012939,852.6391602,851.5527954,849.1911011,851.9838867,853.7891846,934.994751,935.2814941,929.8764648,929.8764648,933.3104858,931.9829712,934.3530884,853.4313354,855.3292236,856.0648193,853.5341187,856.1159668,852.6943359,857.4724731,935.5244141,931.0189209,931.6505737,928.2071533,928.6834717,933.637146,933.6408691,851.6640015,849.560791,850.5900269,851.09021,853.5612793,847.0097656,853.3745117,931.6954956,924.8397217,924.2341309,929.0079956,927.3897705,930.18927,926.9083862,862.6384888,860.4291382,860.4829102,860.2880859,861.7167358,855.3692627,858.2959595,942.9064331,956.1735229,942.9972534,945.1738892,945.0414429,946.0491943,951.1886597,843.7490234,845.5567627,845.0335083,845.1951904,848.0200195,843.3223877,842.7645874,926.3839722,925.6429443,923.7240601,927.8087769,928.340271,924.9107666,923.5716553,845.1043091,844.6557007,843.9671021,846.9193115,841.6273804,842.0488281,842.9960327,923.2313843,930.1796265,920.711853,925.8228149,928.0317383,925.9180298,925.118042,839.9466553,829.4487305,829.5326538,836.3918457,831.7559814,836.4812012,836.0745239,929.1365356,931.3812256,930.7594604,936.0144653,933.5852661,930.8676758,932.1461792,839.9466553,829.4487305,829.5326538,836.3918457,831.7559814,836.4812012,836.0745239,929.1365356,931.3812256,930.7594604,936.0144653,933.5852661,930.8676758,932.1461792
87,828.7147217,820.2597046,828.6452026,831.6141357,827.1776733,831.4177246,828.340332,933.3190308,934.0390015,936.6641846,933.0203247,937.6101685,936.180542,937.8269043,850.098877,853.7803955,858.3877563,853.354126,855.9465332,850.7699585,850.9984131,941.1602783,945.7183838,946.5705566,946.060791,947.2351074,950.9781494,944.6188965,854.4735718,855.8088989,850.8614502,854.2016602,855.3812866,857.0200195,852.1546021,945.786377,935.4450073,936.117981,936.117981,938.9703369,940.9671631,940.6530762,861.5058594,856.6361084,858.1773682,857.6524048,862.0380249,857.8175659,865.2200317,936.3937378,932.4575195,939.7897949,935.4528198,933.5680542,934.4909668,930.9899292,856.6480103,860.7989502,856.7230225,856.8238525,857.5354614,852.2631226,854.0985107,932.3959961,938.7473755,936.8236694,935.9292603,935.9295044,930.5952759,933.1574707,870.8937378,872.6425781,870.2944336,862.8276978,869.4919434,864.8389893,872.0897217,950.0386353,951.5345459,951.2133789,951.3129883,951.3709717,952.3633423,950.8206787,850.9660034,849.1139526,848.107666,847.4399414,848.5631104,850.4680176,848.6984863,931.2860718,930.1242676,934.6774902,931.4816895,933.8085938,935.9658813,934.0409546,853.3444214,850.6290283,849.684021,847.5137329,850.3085938,848.7365112,847.9904785,935.204895,932.1972656,932.1500244,926.0140381,936.5418091,929.1021729,928.4318848,837.5015259,836.2896729,842.8031006,841.5033569,839.2431641,835.0931396,841.8983154,937.3560181,937.5371704,934.3467407,938.0963135,935.1555176,936.9968262,937.6066895,837.5015259,836.2896729,842.8031006,841.5033569,839.2431641,835.0931396,841.8983154,937.3560181,937.5371704,934.3467407,938.0963135,935.1555176,936.9968262,937.6066895
75,808.1102905,809.0502319,806.7360229,810.0632324,811.7022705,809.5639648,811.7446289,912.8234863,912.6121826,915.4516602,915.47229,915.338623,915.6976318,915.8546753,835.708252,835.5465698,836.4113159,829.5550537,838.0373535,832.2155151,830.5905151,928.4364624,922.682373,927.0072021,925.0523682,925.5683594,919.4358521,925.2625122,835.552002,836.3641968,834.4898071,832.4620361,836.1970825,835.8447266,836.6801147,913.4759521,915.2966919,913.2470093,913.2470093,911.2489624,914.6491699,913.0809937,838.786499,842.6193237,836.8552856,839.491333,838.5058594,836.8776855,840.4268799,913.2042236,913.3970947,916.0687866,922.3299561,913.5917358,918.6544189,916.7935791,835.1391602,834.4752808,839.9216309,835.9300537,838.4450073,832.2260132,836.7003174,913.4276123,915.5473633,914.6541138,910.649292,912.1498413,913.7775269,913.1357422,849.3334351,845.8106689,843.3671875,851.5703125,845.0819092,842.7429199,845.5605469,926.295105,927.399353,922.7086792,929.2017212,930.5377197,925.5197754,926.6277466,830.6557617,829.3771973,827.7646484,832.5519409,831.3566284,828.7954102,830.1983643,909.8034058,911.5452271,911.7334595,909.9052734,908.7322388,911.0442505,910.0581665,829.4967041,827.3884888,829.4737549,828.1639404,829.217041,828.0599365,827.994812,911.4799805,909.4597778,909.1564941,911.3513794,913.2780762,909.4487915,911.8266602,818.0101929,820.3071289,820.7221069,819.8920898,818.8466187,815.5390625,815.0180664,923.3800049,913.1500244,911.5995483,913.9819946,911.3278809,918.7474976,917.0217896,818.0101929,820.3071289,820.7221069,819.8920898,818.8466187,815.5390625,815.0180664,923.3800049,913.1500244,911.5995483,913.9819946,911.3278809,918.7474976,917.0217896
76,812.0967407,811.4456787,810.8295288,811.0510254,813.6442871,816.3599854,813.7493286,914.9705811,927.6439209,920.288147,915.4491577,917.6333618,918.776123,917.4747925,840.7719727,834.0996704,836.1453247,839.6784058,835.9929199,841.4761353,836.3683472,929.4057007,927.5615845,929.2396851,929.9267578,933.3239746,933.1721802,930.1884766,840.8187256,840.4483032,837.7490234,837.3282471,839.244873,839.1517944,837.7070923,920.6885986,919.2410278,918.7028198,918.7028198,918.7744751,916.1386719,919.1472778,845.4212036,847.0515137,844.1237183,843.890625,846.0679321,846.5922852,846.6281738,917.4021606,923.704895,917.7527466,918.8580322,916.9536133,915.9067993,910.923645,841.914856,844.6932983,839.8091431,840.1386719,844.222229,839.9874878,836.6998901,916.666687,920.8587036,917.5627441,921.0925903,917.3047485,921.3988037,923.4524536,850.3568726,848.5769653,850.7513428,855.713623,847.4468384,853.4130859,849.1231689,928.140564,935.272644,934.0302734,937.5664063,935.0557861,934.7533569,934.5710449,833.5484009,830.8029785,832.7871704,833.6936035,839.2979736,834.2905884,832.0648193,912.6677246,914.5275269,913.1533813,919.2463379,915.0946045,913.8193359,914.7747192,834.3623657,834.6876221,831.3841553,835.5408325,832.0151367,836.5645752,835.2785034,912.4383545,912.649353,914.7907715,912.7976074,915.7312012,911.9425659,915.0411377,827.2833862,825.6678467,821.7283936,822.5855713,821.6617432,823.6313477,829.4869385,925.9717407,923.1583252,923.8675537,917.638855,924.1637573,922.1087646,922.0215454,827.2833862,825.6678467,821.7283936,822.5855713,821.6617432,823.6313477,829.4869385,925.9717407,923.1583252,923.8675537,917.638855,924.1637573,922.1087646,922.0215454
98,756.2379761,761.3225708,757.6735229,758.5834351,762.4179688,767.2876587,762.5689087,855.4099121,862.3532104,861.8036499,861.5177612,859.5825195,858.3876343,858.4677124,783.0574341,789.6760864,788.7528687,785.0005493,786.7107544,783.4033203,785.932312,869.1551514,874.0827026,871.0195313,872.0491943,876.9350586,874.1824341,873.4865723,787.9896851,785.8185425,788.3683472,787.4953613,787.5786743,788.8525391,789.9768677,865.0084229,863.9717407,863.3948975,863.3948975,863.5795898,861.5969849,863.3059692,790.2340088,790.9553833,786.1166992,790.9804688,790.6270142,790.6481323,787.2307129,862.1762085,857.9777222,865.9585571,859.6022339,858.2503052,865.0805054,859.0480957,787.0518799,792.1217041,785.1566772,786.3826294,790.4892578,789.7504272,790.029541,862.0894165,858.7736206,863.288147,861.3131714,855.0438843,859.284729,862.2592773,803.1242065,797.8613892,795.6456299,797.1272583,800.4572754,793.1262817,800.907959,875.4429932,881.173645,874.3682251,878.3222046,880.6558228,879.1548462,877.5567017,787.2462158,780.9058228,780.8778076,781.571167,783.194458,780.5167847,779.3034058,865.2467651,858.291626,856.5385742,859.5591431,858.3882446,863.2478638,856.9663086,781.0606689,785.6567993,781.4588013,779.8601685,782.8597412,783.5022583,782.7754517,859.59552,856.675354,860.2788696,863.9215698,861.9017334,858.3543091,858.0164185,773.2658691,772.0613403,778.0162354,773.083313,769.9399414,771.1279297,771.6491699,863.2000122,866.5905151,863.9717407,862.5213013,864.0073242,861.2960815,863.9837036,773.2658691,772.0613403,778.0162354,773.083313,769.9399414,771.1279297,771.6491699,863.2000122,866.5905151,863.9717407,862.5213013,864.0073242,861.2960815,863.9837036
90,817.18396,817.5144653,815.5859985,821.2102661,819.3080444,819.4129639,816.3535767,920.2938232,925.1982422,924.8062744,922.5627441,922.1530762,926.8550415,925.2266235,844.5027466,841.4832153,844.6152954,843.3736572,844.1768188,841.3574219,843.1964722,932.2557373,938.0914307,934.3928833,937.458252,941.7144165,934.7977905,933.8660278,846.3654785,841.2379761,843.1378784,843.8128662,839.8939209,844.0841064,843.1494141,929.251709,929.9014893,927.8880615,927.8880615,931.6826782,928.3370972,925.887146,849.4910278,845.538269,849.4102173,847.8156738,848.1724854,849.6247559,850.220459,925.2757568,926.1112061,924.6060791,925.6454468,923.1229858,926.8414307,921.5186157,846.864563,845.4489136,847.6061401,847.6365967,847.7723389,845.3909302,847.8365479,920.8608398,922.272522,920.546814,925.1875,921.3187256,923.0279541,923.4649658,863.4252319,858.34375,862.2716064,854.215271,855.7702637,859.3713989,861.6192627,936.6660767,942.0691528,937.0040283,941.0509033,944.1696777,942.96521,939.3657227,840.9160156,841.4460449,839.5233765,841.3036499,842.8737793,830.7474976,839.427063,923.6970825,923.9627686,921.9627686,925.4429321,922.5090942,920.0256348,925.0074463,839.5516357,837.3070068,840.8234863,834.1223755,844.1491699,838.1439209,837.5275269,914.8309326,921.8658447,920.8425903,921.7661133,923.744873,919.3406372,916.7005005,829.1760864,831.0990601,829.487915,827.8361816,827.5673828,829.5008545,830.9306641,929.3349609,933.3983154,933.3101807,928.1577759,928.7751465,930.1246948,921.7463379,829.1760864,831.0990601,829.487915,827.8361816,827.5673828,829.5008545,830.9306641,929.3349609,933.3983154,933.3101807,928.1577759,928.7751465,930.1246948,921.7463379
77,814.9379272,814.2988281,814.4780884,819.6239014,818.2896118,820.0561523,820.0200806,925.065918,925.3389282,925.6694946,925.581543,923.0733032,926.1228027,925.5820313,842.632019,842.1133423,843.2203979,845.4545898,846.5233765,840.5065918,846.0134277,932.1657715,936.1309814,930.6987915,935.7081909,936.6317139,935.2346191,931.6157227,847.2114868,846.3410034,849.2123413,847.7745361,846.0541992,845.1307983,844.6939697,925.6843872,929.2567139,925.3282471,925.3282471,921.3033447,921.8679199,921.9569092,848.7893066,852.2307129,849.255249,847.8278198,851.4169922,850.8405762,850.3345337,925.1077271,927.6932983,921.9754028,921.5410767,923.458313,928.4388428,923.8083496,844.8898315,843.9190063,844.8508911,842.8834229,846.5308838,848.4320679,843.9204102,923.3465576,922.3526611,926.3667603,921.750061,923.8852539,932.1560669,924.8354492,860.4020386,851.166748,859.4257202,854.8777466,851.8257446,856.7269287,856.6627197,938.8930054,940.9666748,939.1367188,936.1712036,938.3832397,941.5686035,943.4042969,836.3966675,837.4812012,840.2692261,839.7789307,836.5106812,840.3203735,832.8839111,916.2807007,926.038208,919.0977783,920.4453735,920.9555054,923.7352905,918.7974243,836.6460571,840.7255249,839.8492432,837.9942017,838.9237671,837.40625,838.1600952,913.3530273,917.3446045,920.3408203,915.7959595,925.5568848,918.5264893,920.9318848,829.9425659,828.3364258,828.5160522,836.0236206,822.5696411,828.4414063,824.0401001,933.1339111,926.3652344,924.3934326,924.8781738,927.8289795,925.5877075,929.0615845,829.9425659,828.3364258,828.5160522,836.0236206,822.5696411,828.4414063,824.0401001,933.1339111,926.3652344,924.3934326,924.8781738,927.8289795,925.5877075,929.0615845
100,740.7553711,737.6332397,743.2670898,739.4499512,739.5037842,743.9763184,741.4702759,833.2023926,836.0071411,835.5269165,837.3041382,837.1410522,836.3441772,837.5670166,766.6350708,767.0092773,765.3873291,764.7954102,761.0918579,763.7476196,766.0732422,852.4282837,847.9571533,850.7617798,849.5911865,851.6134033,846.1148071,849.3637695,769.1098022,764.6863403,765.0045776,766.3214111,763.5204468,769.5100098,766.7137451,843.6283569,843.59375,843.1137695,843.1137695,841.3184814,841.6382446,839.2717896,770.1130981,767.6358032,770.2984619,770.6678467,771.4758911,770.743042,768.2485352,836.9690552,839.7966919,841.0895996,838.4429321,839.5048218,841.2313843,838.3768311,770.0229492,765.1864014,765.6068726,766.1713257,769.0390625,764.6766357,767.2970581,835.7342529,836.7180786,840.0238037,832.8915405,839.4925537,834.9209595,836.5699463,775.7645874,782.2568359,773.6483154,773.0969238,775.3092651,774.2764282,780.4885254,849.1342773,852.7835693,853.0487671,856.0870361,856.6533813,853.4567871,856.2322388,764.5341187,762.4160156,758.611145,764.0380859,762.9347534,763.2460938,762.1016235,834.0131226,832.0718994,832.3493652,832.6817627,835.6137085,834.6583252,834.4614258,762.4544678,756.5314941,758.7890015,759.880188,759.3543091,764.8949585,762.8183594,834.645813,839.9250488,840.0200195,833.8289185,837.376709,829.5561523,833.4373779,749.4060059,748.4157715,754.0228882,749.5061035,748.3754883,750.0615845,750.1928101,840.3416138,837.4001465,840.7630615,842.7241211,839.8290405,842.4381714,840.8490601,749.4060059,748.4157715,754.0228882,749.5061035,748.3754883,750.0615845,750.1928101,840.3416138,837.4001465,840.7630615,842.7241211,839.8290405,842.4381714,840.8490601
67,724.2373657,720.9214478,724.0057983,725.1640625,724.9746704,725.2270508,721.699585,819.6868286,817.0056152,818.6027222,817.3447876,818.7284546,817.8327637,819.9282227,744.178772,740.256958,741.8518677,742.0079346,744.9500732,741.4425659,738.7486572,826.7904053,825.5699463,822.3653564,823.8062744,823.7838745,825.7662964,825.2391357,745.506958,741.7637939,744.7628174,749.1775513,745.0103149,746.0259399,745.9703369,816.3007813,817.3997192,812.5246582,812.5246582,813.690979,814.2565308,815.5093994,751.7418213,749.6782837,748.5788574,749.4330444,748.3453369,751.9060669,750.656311,813.4609375,818.0376587,822.5177612,814.9217529,819.2722168,816.7161865,816.0963745,744.3068237,747.3001099,747.3847046,746.4391479,747.8237915,747.859375,747.2741089,815.2404785,816.0213013,820.1439819,810.7374268,820.2973633,816.9564209,815.3422852,750.4641113,758.6737671,752.0911255,753.7869873,751.7501221,753.5594482,754.8693848,827.0674438,828.6730347,828.3745117,830.4342041,827.635376,829.3527832,829.3339233,744.0829468,738.4039917,741.4383545,739.4534912,740.8410645,741.9128418,742.3792114,809.5109253,811.1280518,813.6171875,810.0773926,815.8435669,811.5899048,808.7088623,741.5856323,745.038269,738.2059326,739.664978,738.7950439,740.5281372,738.8141479,810.1072998,816.1769409,809.1124878,810.2773438,815.4145508,812.9899292,816.8557129,733.8967896,732.4181519,731.2679443,729.4435425,732.4467773,735.7930908,728.8308716,819.0852661,821.6062622,816.3323975,814.6971436,823.4855957,817.7261353,816.0422974,733.8967896,732.4181519,731.2679443,729.4435425,732.4467773,735.7930908,728.8308716,819.0852661,821.6062622,816.3323975,814.6971436,823.4855957,817.7261353,816.0422974
64,673.2045288,672.4124756,672.7295532,672.4855347,675.5620728,675.777832,672.2486572,760.3546143,758.5947876,764.9041138,762.1296387,764.0053711,761.4515991,760.8742676,690.2887573,685.2785034,687.6101074,689.7605591,690.7412109,686.7828369,684.4140015,760.6549072,766.168335,763.5220947,764.8937378,766.477478,764.8618164,768.5316772,692.8540039,691.3866577,693.4399414,692.1052246,690.5,691.2698975,690.4713135,760.0584717,757.0302734,758.3551025,758.3551025,755.4839478,755.1424561,756.8355713,695.4768677,695.0830688,698.6497192,699.1830444,701.4741211,698.2579346,702.6763916,758.9825439,760.5301514,757.5872803,759.9351807,761.3894653,759.2193604,756.6590576,693.1270752,690.3648071,694.7900391,693.3841553,692.8605957,693.8619995,696.8323975,757.1660767,756.7103271,755.8913574,759.1692505,761.6251831,761.1849976,753.7642212,700.9356079,700.0648804,696.5117188,700.2897339,698.2503052,697.0343628,699.0609131,767.2454834,770.4511719,771.736084,771.6859131,773.4564209,770.1383667,770.4795532,688.7924805,689.2032471,687.305481,688.3175659,690.0418701,686.1494751,685.7164917,752.3029175,756.2833862,753.8082886,759.3381958,756.107666,753.326416,754.2062988,691.163147,685.7719116,691.1565552,688.7571411,687.3068237,687.0665894,689.4498291,751.3473511,754.8449707,754.357605,754.482666,755.7479858,756.8682861,755.7583008,680.0438843,679.0314331,679.5970459,678.8589478,678.8755493,677.6963501,678.8297729,757.2954102,760.6854858,758.536438,759.3205566,758.9744263,755.9165649,757.8059082,680.0438843,679.0314331,679.5970459,678.8589478,678.8755493,677.6963501,678.8297729,757.2954102,760.6854858,758.536438,759.3205566,758.9744263,755.9165649,757.8059082
88,816.3922729,820.4227905,822.3538208,826.4282837,827.24823,826.1174316,826.7539673,932.18396,929.2774658,935.9446411,932.1816406,927.8031006,930.1314087,932.6138306,850.7645264,853.2976074,851.2615356,852.3110352,854.8952637,850.2392578,856.8621826,943.7774048,940.1303711,944.0596313,946.7549438,944.2914429,944.8192139,945.0803833,854.6419067,853.9978638,853.7512817,852.8064575,852.4268799,851.2942505,849.5092163,941.7218628,937.0908203,934.9701538,934.9701538,939.5274048,935.8447876,935.4873657,858.1220093,863.9768677,857.5706787,854.8225098,857.2972412,856.1801758,859.9136353,934.3343506,932.8900757,939.4210815,935.6279907,935.3574219,935.8486328,934.3684082,851.1682739,851.1948242,852.0548096,854.6484375,856.2473145,855.9920654,853.2142334,931.5592041,930.6760864,931.4337769,931.9887085,937.3051758,928.7199707,934.262085,866.0604858,865.0670166,865.6369629,864.9730835,860.019165,864.6710205,863.1784058,946.8157959,951.1585693,950.3390503,947.5978394,952.5383301,955.9482422,950.8937988,847.3806763,847.3521118,845.9813843,850.0576172,852.0587158,848.8343506,842.5354004,930.2258911,930.6933594,934.2150879,930.6003418,930.2329712,923.7288208,928.8291626,850.3960571,848.1748657,850.9262085,847.3395996,846.9962769,844.6775513,844.9555054,925.1168823,928.1107788,930.4619141,926.6818237,928.2138062,930.8551025,927.2389526,835.3633423,835.9612427,835.3631592,834.8369141,832.8109741,838.0714111,838.2334595,935.7935791,932.7969971,936.5220947,944.6057739,936.6450806,933.7710571,938.2828979,835.3633423,835.9612427,835.3631592,834.8369141,832.8109741,838.0714111,838.2334595,935.7935791,932.7969971,936.5220947,944.6057739,936.6450806,933.7710571,938.2828979
105,680.6724243,677.6647949,680.8022461,680.5651855,681.4862061,683.6974487,681.7061157,767.6223755,771.0988159,772.117981,768.9822998,770.7987061,770.3792114,768.8774414,702.8912354,705.2909546,704.9398804,705.6213989,708.75,703.3137817,705.2028198,782.3392944,782.8128662,783.8014526,781.5361328,781.7887573,782.1885986,782.4240112,704.2166138,704.2741089,705.2248535,706.0611572,704.7625122,706.4041138,703.6075439,772.5275269,774.2816162,771.0977783,771.0977783,775.9906006,771.3418579,772.939209,708.2591553,703.5338745,705.9959106,708.8393555,708.1539307,705.4787598,709.7042847,772.5736694,773.2159424,771.2371826,772.0474854,772.8006592,769.7501221,770.6586304,703.0914917,704.5010376,705.4788818,705.4151001,704.9450684,706.5737305,702.921936,767.8411255,772.182251,769.4448853,769.7243652,771.6200562,771.5122681,771.0323486,715.651123,713.2989502,716.5285034,711.9058228,713.4888916,718.6756592,719.7236938,789.6464844,786.22052,783.6997681,786.1549683,783.4509277,782.4890747,785.4574585,701.0674438,700.0529175,696.9987793,699.8429565,701.621582,701.4577026,703.3218384,772.0852661,770.444458,767.0731201,767.8648071,769.0767212,765.1377563,767.614502,701.9138184,700.1671753,702.2540894,697.1903687,697.6852417,700.5709229,705.1821899,767.0084229,769.7806396,769.836853,774.5603027,770.2046509,768.3536987,767.3881836,691.9797974,690.578125,693.1104126,690.2679443,692.8344116,693.4282837,691.8471069,773.6217041,777.4094238,772.0028687,769.5231934,776.0562134,774.3512573,775.3083496,691.9797974,690.578125,693.1104126,690.2679443,692.8344116,693.4282837,691.8471069,773.6217041,777.4094238,772.0028687,769.5231934,776.0562134,774.3512573,775.3083496
68,740.0994873,736.888916,738.8388672,739.2195435,740.4821777,738.696228,742.2383423,838.324707,834.3312378,836.2090454,834.590332,833.1144409,834.8493652,839.1312256,760.4044189,756.4918823,756.7833862,760.4584351,759.0413818,759.7006836,756.6577759,838.6243896,839.6437988,842.7664185,844.1825562,840.4202271,842.0355835,849.3960571,765.9387207,762.5199585,760.9085083,761.437561,761.0634766,760.8116455,759.6195068,834.1535034,830.4165039,831.6818848,831.6818848,829.6535645,834.3340454,838.6051025,765.6981812,766.0870972,771.6844482,766.7481689,766.2036133,766.5531616,760.3641357,831.7771606,831.5523682,835.4024658,825.769104,831.2495728,837.4677124,836.7467651,758.9094849,764.1517944,760.4696655,762.1260986,759.4868164,761.3741455,762.3348999,831.7441406,830.8601074,835.5128784,833.7210693,836.9465942,830.5687866,832.7990723,767.1297607,768.5458374,770.1184692,771.9632568,768.1720581,771.7371826,770.9710693,846.3418579,847.2250977,850.4720459,844.7623291,852.8560791,842.958252,851.7319946,757.9483032,755.5114136,759.2741089,757.2008057,757.9002075,755.5449829,759.5219727,829.8100586,831.9199219,835.7736206,830.4259644,831.0510254,834.0256348,829.1699219,758.1392822,754.0027466,758.5540771,758.6831665,757.3896484,752.3513184,754.887207,827.416748,829.6276245,826.6836548,828.7319946,829.175354,826.5046387,828.7470703,748.4844971,745.9769287,746.0939941,742.6734619,745.6608276,747.7150269,746.9736938,838.3833618,834.2852783,836.0754395,834.0205688,836.0095215,836.7515259,830.1638184,748.4844971,745.9769287,746.0939941,742.6734619,745.6608276,747.7150269,746.9736938,838.3833618,834.2852783,836.0754395,834.0205688,836.0095215,836.7515259,830.1638184
70,767.2212524,765.7982788,766.6464233,765.7042236,765.3330078,765.9046631,768.697876,864.132019,869.1887817,865.199646,864.8464355,866.7405396,864.9727173,864.1706543,790.0671997,789.711731,787.9697266,790.0817261,787.5566406,785.1940918,788.0263672,877.4152832,876.3775635,873.493103,873.3262329,880.447937,874.3832397,873.2359619,788.3666382,789.9677734,791.8286743,788.8761597,790.7783813,791.8754272,788.1159668,867.7910767,864.4904785,864.7825317,864.7825317,861.5091553,861.2091675,865.2922363,796.5502319,798.1309814,795.201355,805.2960205,791.9515991,796.9009399,799.7985229,869.4390869,864.3652344,869.9412842,860.0718384,867.1439209,864.3399048,864.305603,789.3461304,791.4336548,783.9786377,791.1363525,790.6084595,789.4680176,791.8586426,863.8291016,863.2192383,866.2637939,865.6655884,866.9963989,868.3782959,865.2626953,798.8048706,802.4053955,800.6113892,799.503479,801.2771606,798.4891968,804.7633057,877.835083,879.1505737,877.5029297,876.4923096,885.7900391,879.7792969,877.9363403,787.7125854,787.5374756,784.0632324,786.0012817,784.171875,785.3944092,786.5698242,862.4869385,861.7433472,861.3815308,859.159729,862.5726929,858.9459839,856.9089355,788.9467773,781.6845703,787.1137695,782.8544312,786.3137817,784.2644043,783.6136475,854.7109375,861.7176514,863.7515869,860.0219727,861.5593872,858.1382446,861.6879272,773.5213623,772.9848633,774.4736328,773.2044067,774.5674438,777.3001099,769.3815308,866.0509033,863.6321411,865.3373413,863.4732056,864.2697144,867.6522217,871.756897,773.5213623,772.9848633,774.4736328,773.2044067,774.5674438,777.3001099,769.3815308,866.0509033,863.6321411,865.3373413,863.4732056,864.2697144,867.6522217,871.756897
82,829.3362427,827.9310913,830.6075439,832.6956177,832.7869263,833.7643433,828.9428711,934.3577881,938.9735718,940.6047363,935.3170776,940.6359253,938.5704346,934.1769409,856.3098145,852.6217651,856.6717529,856.8583984,856.0810547,853.5840454,856.5914917,949.9037476,951.5491333,945.1477051,948.6153564,954.0455322,948.5960083,949.6786499,862.5614624,860.258728,864.128479,858.0449219,855.1749268,859.222168,857.8482056,944.0228271,937.4777832,943.4638672,943.4638672,939.9477539,937.2233887,936.8544922,861.741272,860.7382813,860.5570068,857.8378906,862.8890381,863.5758057,860.1982422,938.749939,938.6142578,939.114563,940.2631226,936.0759888,940.4675293,938.1716309,859.6851196,853.7384033,858.3203735,857.1065063,863.0322876,863.2547607,857.0176392,938.7386475,938.5179443,935.671814,939.4361572,939.4747314,938.8269043,935.6549072,872.190918,870.8605347,870.6045532,869.7840576,869.9503174,866.9025269,867.3950195,953.8818359,950.6227417,957.3884888,960.7818604,952.8041382,957.1618042,954.3292847,848.9146729,852.0076294,856.5717773,851.8908081,854.8986206,849.0900879,851.3336792,934.4869995,933.4767456,930.3464966,934.3267822,935.2503662,934.2820435,934.8718262,847.5662231,852.4842529,852.9429321,855.2133179,850.3779907,855.8753052,853.1931763,928.3328857,936.1965942,937.3310547,929.4412842,938.064209,935.1729736,935.3959961,841.9095459,838.8748169,839.7521973,834.7787476,841.1063843,842.9407959,840.2080078,940.3500366,944.7126465,943.461853,943.9874268,942.7504272,944.5866699,936.7285156,841.9095459,838.8748169,839.7521973,834.7787476,841.1063843,842.9407959,840.2080078,940.3500366,944.7126465,943.461853,943.9874268,942.7504272,944.5866699,936.7285156
73,791.649292,791.8959961,796.4104614,793.6973877,794.7209473,793.3477173,791.8934937,895.2008057,898.0020752,905.0288086,904.0318604,902.2654419,899.6330566,899.4516602,817.5287476,815.9171143,813.77948,814.8131104,817.5005493,813.7833862,818.7162476,903.9752808,905.0309448,904.6074829,902.5994263,905.1119385,905.7202148,911.1646118,819.2490845,819.1177979,817.4788208,813.4841309,820.5529175,818.4727173,814.5474854,897.7570801,899.4000854,896.6332397,896.6332397,895.6085205,896.3190918,894.3129272,823.9962769,825.1767578,823.7875366,826.0602417,821.899292,821.7391968,825.3475952,900.3446655,894.5029907,894.3387451,893.7064209,898.6740723,892.1530762,898.4331665,817.000061,818.5441284,820.6569214,819.5378418,820.4647827,819.3531494,817.8622437,895.887207,890.9627075,892.74646,897.4298706,893.4127197,896.0053101,898.3505859,828.4129639,831.4108887,834.0350952,830.1395264,828.4576416,827.4653931,829.6131592,908.333374,910.3115845,907.0871582,908.1945801,910.9220581,908.5767212,910.2727051,814.9517822,813.6451416,811.7575684,813.5984497,813.6766968,813.8670654,814.0595093,889.0360107,892.7045898,890.7559204,895.7160034,893.0276489,892.3200073,891.208374,817.8423462,815.8125,813.0748901,810.5129395,818.7394409,815.7380981,815.7513428,890.1102295,894.8421631,894.5759888,893.6235962,888.9456787,894.5211182,893.9674683,807.022522,805.4358521,801.1361694,802.5278931,803.618103,806.5615845,803.9760742,902.6052856,897.1219482,899.7631226,897.6106567,900.0015259,897.0202637,899.0903931,807.022522,805.4358521,801.1361694,802.5278931,803.618103,806.5615845,803.9760742,902.6052856,897.1219482,899.7631226,897.6106567,900.0015259,897.0202637,899.0903931
78,820.2283325,821.0620728,817.8657837,822.4334717,821.7175903,825.4303589,821.7050171,926.4439087,928.2835693,930.3279419,930.7323608,932.2521973,927.2007446,925.1932983,845.1881104,848.3041382,846.3683472,846.9918213,846.2396851,849.7985229,847.1201172,943.4971924,938.4581299,939.8498535,941.9417114,945.0229492,935.175293,940.8502808,848.9954834,847.2365723,848.7337646,847.4172974,847.9589844,847.7590942,850.1599121,933.5477295,927.8353271,928.2806396,928.2806396,928.2461548,926.0349121,925.3182373,853.5684814,860.1035156,855.8062744,854.5706177,855.3186035,856.0894165,854.6777344,931.4959717,926.2703857,929.5870972,937.8156738,929.3079224,929.5796509,929.567688,846.916626,850.5371704,845.5070801,846.8233643,851.40271,845.5819702,853.0529175,926.9803467,924.1345215,928.8087158,930.2088623,930.6075439,929.1784058,928.5073853,860.3255005,856.9277344,864.1845703,863.6008301,857.2214355,860.5140991,856.2449951,938.9594116,939.8933105,947.142395,946.1543579,947.4957275,949.0847168,945.5328369,846.0253296,842.5421143,841.090332,844.4134521,848.015625,843.0765991,845.2540283,923.0162964,920.5872192,925.5561523,922.519043,926.9376221,924.0164185,920.1883545,838.0457153,841.843689,844.6764526,844.8920898,841.5447998,842.9207153,838.2459717,918.4314575,922.2301636,925.0802612,927.8666382,924.5219116,926.5728149,924.4493408,835.4257813,833.645813,830.4221802,832.8477783,830.9301758,832.196228,832.2293091,939.9437256,929.1260986,930.1079712,924.7016602,936.0987549,929.3520508,929.4024048,835.4257813,833.645813,830.4221802,832.8477783,830.9301758,832.196228,832.2293091,939.9437256,929.1260986,930.1079712,924.7016602,936.0987549,929.3520508,929.4024048
97,772.6940918,770.8991089,770.2144165,768.7376709,774.1716309,774.2377319,771.7063599,870.0079956,874.7495117,868.7915649,870.1159058,872.1224365,871.6165161,870.1343384,797.6744385,796.4066162,794.5337524,801.7138062,797.8125,797.4905396,796.6715698,884.604248,884.3711548,885.9335938,886.0028687,887.6881104,886.802002,888.1138916,803.5945435,799.0103149,797.0106812,798.5737915,797.8743286,793.7276001,796.2844849,880.7156982,875.2015381,875.9851685,875.9851685,878.5100098,875.0137329,877.4743042,802.1843872,799.6343994,799.3334351,797.0731812,800.769165,801.4401245,803.869812,869.6206665,874.6264648,871.5571289,876.7156982,874.4824829,872.53125,866.8862915,800.5650024,798.0614624,799.697937,798.5088501,801.0546265,797.6405029,800.3247681,875.1194458,872.3596191,873.1817627,868.1727295,873.859314,875.1679688,871.8189697,808.2964478,807.7227173,810.3469849,809.4485474,807.5444336,806.18573,808.0722656,885.887207,891.9715576,892.7925415,893.0836792,897.3907471,889.5983276,892.8494263,793.4529419,794.0498657,788.6835938,793.2889404,796.3416748,791.4968872,792.8914795,869.5939331,869.477356,872.8822632,870.3794556,867.5480347,872.9016724,871.4078979,795.2289429,795.795105,793.6739502,791.9035034,794.7519531,793.895752,793.5661011,870.0079956,870.2717896,868.6199951,867.3809204,869.347229,866.2156372,871.5302734,781.4359131,779.3457642,779.6272583,784.0379639,781.8187256,781.2615356,780.7376099,875.2923584,878.4639282,879.3696899,873.2987061,876.1700439,880.2407227,875.4995728,781.4359131,779.3457642,779.6272583,784.0379639,781.8187256,781.2615356,780.7376099,875.2923584,878.4639282,879.3696899,873.2987061,876.1700439,880.2407227,875.4995728
101,728.2627563,728.6015625,731.2956543,729.8494873,730.2317505,729.3202515,730.6160278,825.157959,824.4398804,825.3874512,821.4794312,825.1959229,823.9946289,821.8125,758.0720215,754.2002563,749.5634766,760.6799927,756.7625122,755.550415,754.873291,839.2751465,838.9744873,836.432251,835.1677856,836.2848511,838.5996704,838.8097534,755.0253906,755.6079712,757.1894531,757.2658691,753.0311279,756.0787354,752.640625,829.9157715,832.239563,824.571228,824.571228,826.675293,828.5700684,826.757019,757.5342407,758.9541626,760.9921265,756.9714355,758.2734985,760.8591309,759.454895,825.4852905,825.0042114,829.1411133,828.1711426,826.633728,829.9190063,822.8569336,757.0030518,755.4368286,756.331665,756.2446899,757.8649902,756.2313232,752.9105835,823.2293091,818.6679688,825.2861938,822.2849121,824.8244019,824.9890747,825.7765503,764.9298096,768.1555176,765.487854,765.0854492,765.8214111,764.6771851,764.932373,837.1158447,843.1099243,839.494873,840.7415161,839.9891968,843.1323853,842.2354736,751.1054688,749.6187134,747.9393921,749.8118896,747.8707275,749.927063,748.6698608,825.4901733,821.0662842,826.5886841,820.2435913,824.977417,819.3925171,823.2045288,754.3305054,753.5664063,750.5339966,748.394043,750.5841064,751.1085205,744.2142944,820.4093018,822.4997559,819.8463745,819.5603638,822.9873047,826.0982056,825.8457031,743.0378418,737.9285889,738.0509644,741.5742188,741.6728516,745.3841553,738.9772949,829.3743286,830.1405029,833.6906738,829.2843628,831.0836792,826.8012085,827.8307495,743.0378418,737.9285889,738.0509644,741.5742188,741.6728516,745.3841553,738.9772949,829.3743286,830.1405029,833.6906738,829.2843628,831.0836792,826.8012085,827.8307495
71,775.1340942,776.2398071,773.8894043,776.477356,776.1430054,781.0553589,778.2996216,874.8594971,876.4213867,878.5853882,879.0914917,875.5275879,875.6741333,878.2730713,798.3251953,795.2302856,798.9302368,801.5581055,795.6063843,798.2880859,800.7937012,886.8892822,887.9630737,884.0304565,886.4222412,888.7610474,883.3701172,889.284668,802.1401978,797.8146973,799.3528442,798.717041,801.088562,800.6858521,797.616272,875.5274048,875.7894897,878.4437866,878.4437866,877.6801147,875.2984009,873.8321533,808.923584,808.6442871,806.6036377,806.9419556,805.468811,807.9081421,802.2344971,876.0202637,878.5612183,873.9366455,878.1782837,875.6947021,875.0330811,876.0154419,803.5979004,800.208374,800.7900391,799.6296387,800.2303467,799.1835938,800.7977295,877.0651245,875.4935303,878.3346558,876.8649902,873.0238037,875.2775879,878.0919189,810.6035156,809.3609619,809.4724121,803.9979858,806.4379272,807.3804321,806.6115723,886.7501831,891.9406128,885.6699219,885.628479,899.5228882,891.5603638,889.5087891,796.230896,799.8137817,792.9966431,798.5100708,796.0581055,791.6538086,798.3563232,872.2374878,872.1900635,872.0155029,872.6734009,871.2158813,873.949585,872.7681274,797.3701782,797.3167114,795.6672363,794.8164673,795.3641968,796.2283936,796.0550537,872.8145752,872.3271484,873.3917236,878.4832764,873.0916748,873.2940674,876.8334961,784.8196411,786.5302734,785.2533569,783.3695679,779.8423462,789.4216309,783.5059814,876.7033081,874.335083,876.1237793,875.6706543,872.0866089,877.5159912,877.6228638,784.8196411,786.5302734,785.2533569,783.3695679,779.8423462,789.4216309,783.5059814,876.7033081,874.335083,876.1237793,875.6706543,872.0866089,877.5159912,877.6228638
102,720.3313599,719.4249268,720.4735107,716.7160034,720.9664917,719.4799194,717.802124,808.6668701,813.8269653,814.2335815,811.9384766,813.3706055,814.4804688,811.5557861,744.4710083,742.8302002,743.0353394,743.4837646,740.5540161,743.0303955,745.0726318,821.371521,824.8713989,821.8410645,826.609314,824.0396118,824.3303833,827.5609741,747.0494995,744.017395,741.7478638,742.7524414,742.4278564,741.2260742,741.3468628,819.0115967,815.9060669,813.781189,813.781189,817.5570068,813.7091675,814.9868164,746.302063,743.9135132,743.1743164,746.2247925,747.2235107,745.2481689,745.3614502,811.9984131,816.2866821,817.5054932,811.3388672,816.8290405,812.4382935,816.3713379,743.5166626,744.795105,745.4250488,746.5355835,747.0622559,741.8230591,744.8282471,808.5326538,814.4598389,815.1602173,808.8773804,812.2785034,814.7445679,814.0861816,754.2602539,755.8173828,752.1625366,756.8225708,755.263855,752.505127,763.5856934,826.522644,828.6697388,831.6738281,829.0619507,831.3352661,828.1921387,836.807251,740.1054688,740.6862183,738.7943726,738.5093384,738.7362061,738.0328979,735.5657349,811.7103271,812.7883911,814.7195435,812.0256958,809.3140259,816.0,806.0239258,738.7840576,737.3282471,742.5667725,741.2990112,738.6737671,739.6256714,738.2484131,806.6876831,809.9801025,811.1786499,817.0601807,810.1387329,813.8147583,810.3852539,730.0213623,729.2197266,734.5477295,726.4611206,728.682251,728.7890015,729.3217163,816.1543579,818.437561,813.2885132,818.8284302,816.1164551,815.9310303,813.6740723,730.0213623,729.2197266,734.5477295,726.4611206,728.682251,728.7890015,729.3217163,816.1543579,818.437561,813.2885132,818.8284302,816.1164551,815.9310303,813.6740723
72,782.244751,784.5031738,778.9537354,784.3406982,788.1745605,784.1397095,785.0445557,883.9874268,884.4714966,890.8568115,894.1739502,889.0541382,886.5601807,885.0496826,806.7150269,808.8718262,807.2439575,807.0585938,807.5623779,802.3650513,803.4058838,893.4709473,896.02948,893.6581421,896.3994751,894.0262451,892.2877197,900.9955444,810.7166748,809.6824341,805.9699097,809.993103,810.0004883,810.1994629,807.9006958,888.9945068,885.1895142,885.9537964,885.9537964,887.6572266,885.77948,885.609314,818.491333,815.9801025,817.1751099,817.7042236,816.1439209,811.7766113,814.7716675,885.2023315,890.3924561,890.8059082,883.4685669,886.6751099,890.906189,888.274231,807.545105,811.1900024,808.0747681,807.5844727,809.6716309,811.9609985,810.2352905,884.0101318,882.6224365,882.4085083,881.9526978,887.4445801,880.9979858,892.5761108,820.1911621,819.0373535,819.0249634,820.3126221,820.0787964,815.847229,819.7028198,902.7186279,897.8766479,902.4055786,897.6513062,902.2614136,899.7830811,899.8840332,802.1993408,802.6033936,808.1339111,804.3930664,806.1514893,805.557251,809.3932495,883.7057495,883.1021118,882.1980591,882.6663818,884.0148315,878.2853394,880.4788818,808.9812012,802.140625,801.6342163,808.5821533,804.4350586,801.9221802,801.0610352,879.9673462,885.8306274,881.2886963,883.9202881,885.2366333,881.0285645,884.0597534,793.5083618,795.8486328,788.5065918,793.6281128,798.1633911,793.0355835,791.8835449,893.8677979,893.9180908,884.3408813,886.7374268,890.0321655,890.3956299,890.0317383,793.5083618,795.8486328,788.5065918,793.6281128,798.1633911,793.0355835,791.8835449,893.8677979,893.9180908,884.3408813,886.7374268,890.0321655,890.3956299,890.0317383
111,601.5432129,603.1863403,601.364502,604.0760498,601.6904907,606.5162964,603.5175781,679.4015503,681.9892578,680.2618408,683.281311,678.0403442,684.2494507,682.968811,629.46521,628.5374756,623.2177734,625.703186,626.7489014,624.81427,627.6619873,692.9833374,693.2197876,691.5032959,691.8933716,692.8594971,695.8376465,696.539856,625.7668457,623.7318115,626.975708,625.8104248,623.9243164,624.6970215,624.0841675,688.1192627,686.9892578,686.3572388,686.3572388,685.8224487,685.2425537,687.5222778,629.0098267,627.8261108,623.8375244,626.7930298,627.1178589,625.0194092,626.0742188,683.1129761,684.2631226,686.7918091,682.0797119,679.9014282,681.3956909,683.565979,624.4862671,622.586792,626.8308716,626.5396729,627.8120117,622.4382324,623.3553467,681.4899292,681.2350464,683.0109863,682.4442139,683.364502,682.3045654,683.1074219,633.836792,633.0473633,635.0686646,636.5874023,631.4385986,632.5332031,631.4503784,697.5421143,695.7458496,695.3978271,694.2354736,695.9978638,699.1338501,695.4638062,622.552063,622.4815063,620.4070435,620.9703369,619.2304688,622.6062622,620.0186157,683.526001,680.0266113,681.0963135,678.652771,680.6325684,683.6345215,681.0343018,622.2930908,620.4338379,621.3052979,622.350769,622.6765137,624.2006836,619.1062012,677.0773315,679.2827148,680.9772339,680.7103882,679.2122803,680.1824951,683.2084351,615.2738037,612.1755371,611.5640259,615.5858765,610.9303589,610.9053345,611.8096313,684.9610596,686.0783691,685.5181274,685.0699463,684.8021851,682.2295532,684.0883789,615.2738037,612.1755371,611.5640259,615.5858765,610.9303589,610.9053345,611.8096313,684.9610596,686.0783691,685.5181274,685.0699463,684.8021851,682.2295532,684.0883789
92,809.7674561,812.0860596,808.4555664,806.6847534,807.6382446,807.2545776,807.6419067,911.0615845,912.1428833,913.3868408,913.3618774,914.0338135,911.2965698,914.7960815,837.3969727,835.0513306,830.4968262,836.322937,837.0742188,836.9208374,835.2778931,925.972168,927.3480225,929.5203247,928.4179077,926.7603149,926.7185059,929.4779053,838.0366211,832.6550903,831.4185181,837.4907227,830.0438232,834.0095825,834.9845581,919.7295532,914.3945923,917.940979,917.940979,919.7850952,913.0732422,914.4736938,845.0625,841.4855347,840.1911621,837.225769,841.2977295,839.7775879,839.4901123,917.3587036,910.8998413,918.5477905,916.8188477,911.4538574,915.4966431,912.4465942,833.4190063,835.3428345,838.1183472,838.0508423,836.9255981,835.4356689,838.7336426,909.6381836,910.8335571,915.0739746,913.8583374,916.2561035,915.7093506,912.234314,846.8759766,848.4866943,851.4711304,850.1946411,848.8290405,846.1757813,845.9620972,926.6764526,932.7086182,927.7363281,929.2952881,931.7536011,926.428894,931.5157471,832.9028931,827.2450562,830.9115601,831.1209717,828.3241577,833.5256958,828.5927124,913.0089722,909.5917358,910.7385864,910.5177612,912.5291138,911.4385986,908.0359497,830.4672852,828.8571777,833.2420654,829.7862549,832.1447754,831.6710815,831.769165,911.3365479,911.4859009,912.7221069,908.6135254,908.8339233,913.0058594,911.0374756,819.2591553,822.8718262,815.1775513,819.8275146,822.3426514,818.9413452,819.7491455,921.1722412,915.4621582,919.2564087,919.8185425,921.5570068,920.7076416,918.4447632,819.2591553,822.8718262,815.1775513,819.8275146,822.3426514,818.9413452,819.7491455,921.1722412,915.4621582,919.2564087,919.8185425,921.5570068,920.7076416,918.4447632
91,814.088562,811.1832886,810.8132935,812.0281982,812.9364624,814.7640381,813.5322876,918.1529541,919.6204834,923.2037964,920.0149536,917.5266113,919.6453857,919.8353882,843.4804077,838.4249878,836.6037598,839.8931274,838.8399048,841.03479,839.5267944,931.949585,930.3319092,930.8214722,934.0037842,933.9703369,928.8110352,937.6316528,837.0028687,841.1176147,842.9336548,842.7163086,839.7140503,838.1519775,839.2502441,922.2150879,921.5762939,922.3623047,922.3623047,926.9587402,922.8220215,924.6350708,842.2817383,843.2402344,843.8463135,844.3905029,849.9035645,840.1520996,847.8701172,924.6990356,921.3446655,922.9055786,923.229248,921.8260498,923.6243896,916.5579834,839.2471924,837.1202393,842.9941406,839.5308228,841.8101196,842.3764648,839.7871704,923.2224121,920.2854614,918.9908447,917.3145752,919.8435059,921.8550415,921.2949219,852.5198364,856.7678833,854.6127319,853.2450562,850.3536377,851.5234985,858.4812012,925.9004517,937.6675415,933.8056641,941.6826172,934.7423096,931.0126953,934.5038452,837.9276733,837.9398193,834.9209595,835.0228882,835.1600952,838.1988525,833.0804443,920.1434937,918.7089233,916.7468262,921.8939819,915.8721313,914.8817139,916.0840454,834.7906494,833.369873,833.7040405,836.6980591,833.0350342,835.6820068,834.4299316,911.4378662,925.6950073,915.227478,914.3535156,911.2272339,915.3022461,913.2738037,822.9891968,825.7559814,824.2593994,819.5628052,825.944458,824.4816895,825.9046631,921.8186646,921.4280396,926.9714966,922.6604614,923.6187134,926.5812378,909.8479004,822.9891968,825.7559814,824.2593994,819.5628052,825.944458,824.4816895,825.9046631,921.8186646,921.4280396,926.9714966,922.6604614,923.6187134,926.5812378,909.8479004
104,694.4893188,693.3534546,693.5596924,695.1313477,693.2957153,693.6665039,692.546875,787.0631104,783.4758911,788.3605347,781.9279175,781.887085,784.520813,784.5704956,719.2694702,717.5487671,717.5966797,717.3482056,716.6153564,717.0669556,713.8950806,797.9094849,797.3616333,798.4990234,796.3658447,801.4738159,793.319458,798.9914551,719.7409668,718.0509644,716.519104,716.1981201,717.9326172,721.8647461,721.8339844,789.6680908,790.3965454,784.776123,784.776123,791.6987915,788.4859009,786.7501831,722.6516724,720.5641479,721.0379028,720.2903442,722.0543823,717.9735107,721.2416992,784.4766846,785.1282349,785.9801636,783.7336426,786.5386353,781.7915039,784.0708618,718.5758057,720.4555054,717.4879761,715.8024902,720.6819458,722.901123,716.0283813,782.9453735,784.3709717,782.8484497,779.7860107,786.1657715,784.1893311,784.6549683,730.6692505,730.2780762,731.6226196,728.21521,729.6490479,722.4838257,728.2855835,797.2467041,801.6252441,800.4974976,802.1253052,799.1620483,801.2096558,800.8008423,715.0874023,711.2091064,710.6675415,712.8162842,713.8806152,712.4732666,713.1216431,782.4766846,782.406311,783.4716797,785.8287354,786.3041992,781.3824463,782.8810425,714.6401367,713.4499512,711.3768921,714.5018311,719.7852783,709.0223389,710.506897,781.7752686,781.0569458,779.3144531,785.078125,785.7833252,782.2670288,785.6998291,705.8279419,708.0445557,707.6425171,703.4685059,708.8665161,703.1784668,703.9385376,786.2385254,788.7232666,787.7462158,789.725708,778.7399292,788.9264526,789.2891846,705.8279419,708.0445557,707.6425171,703.4685059,708.8665161,703.1784668,703.9385376,786.2385254,788.7232666,787.7462158,789.725708,778.7399292,788.9264526,789.2891846
96,778.7371216,780.0321655,780.1641846,781.6445923,778.6102295,780.9476318,778.7016602,878.8598022,878.4762573,882.609375,883.0483398,883.6657715,884.4573975,880.5452881,808.2000122,808.8162842,800.5791016,811.0519409,809.9403076,807.7073975,806.803772,895.6489258,897.3081665,896.0819092,893.6004028,895.9049072,893.2810669,895.4631958,808.3048706,808.7723999,805.2431641,803.6621704,806.9460449,803.18927,807.774353,882.5049438,884.9281006,881.2487793,881.2487793,885.1398315,883.6241455,886.4315186,807.2390137,809.1021729,807.9176025,813.0325928,809.5695801,810.7317505,809.4451294,880.5656738,882.1610718,883.293396,878.8197021,883.0988159,883.6645508,880.2748413,806.7333374,807.5471802,805.9227295,805.2635498,808.5604858,805.2032471,809.3289795,876.987854,880.8256836,883.4606934,882.1956177,882.7012939,882.6884766,881.5856934,820.3900757,820.6207886,816.9153442,819.842041,816.6898193,820.697998,817.592041,894.0848389,899.4118652,899.517334,897.071167,898.1719971,895.8112183,895.9730225,804.7709961,799.6486206,803.9155273,804.1641846,802.2953491,797.2064819,802.3441162,879.9425659,877.3552246,880.3240356,878.7412109,883.1647339,875.4640503,877.5386353,810.0585327,803.6344604,802.2766113,799.100647,798.4000244,802.0842896,801.3412476,875.614624,876.7398682,882.4277344,880.9713135,883.2927246,873.3214722,881.3013306,789.9901733,792.958374,793.2314453,793.5891113,790.7047119,789.4606323,789.4850464,886.5066528,889.7337646,883.1137085,889.6096802,887.744751,886.5525513,885.0637817,789.9901733,792.958374,793.2314453,793.5891113,790.7047119,789.4606323,789.4850464,886.5066528,889.7337646,883.1137085,889.6096802,887.744751,886.5525513,885.0637817
94,791.3106079,795.7281494,795.1467896,799.2680054,797.0797119,797.9611206,795.1409912,898.5734253,904.6330566,898.2064209,899.6574097,900.8779907,902.9367065,898.769043,824.5864868,822.7003784,817.822876,820.0657959,822.2130737,819.3651123,823.8769531,908.894104,912.7915039,911.4458618,910.942627,915.8463135,918.5603638,912.2037354,823.4341431,825.7956543,823.088562,823.8183594,822.800293,825.3047485,819.9862671,907.2493896,902.3317871,902.6283569,902.6283569,904.1292725,893.3704224,903.4781494,829.9016724,825.6889648,826.9545288,826.2176514,828.1409302,822.6591797,826.5287476,900.8880615,902.09198,902.6675415,899.9310303,900.178833,898.6155396,898.8808594,818.2136841,824.7850952,822.8414307,825.5784912,825.0855713,820.8848877,824.2324829,900.5101318,898.2612305,895.867981,897.293396,897.2839355,897.4446411,898.6785278,837.3321533,836.3180542,834.8676147,833.1760864,833.8239136,829.8894653,836.0653687,911.671814,918.0565186,914.975769,911.0231323,919.8549805,914.0216064,919.5820313,817.1442871,818.4882202,817.3050537,817.5483398,819.7081909,819.1663818,820.0131226,897.0078735,896.8995361,897.2011719,899.1915283,896.1228027,894.1876221,894.8554688,815.5443115,817.6384277,817.3417358,819.9299316,820.3269043,818.1956787,819.4492798,893.2964478,898.0061035,899.4087524,893.6342773,896.9631958,896.3811646,897.1522827,811.5151978,809.8430786,806.9979858,804.9849243,803.9562988,807.8601685,813.6517334,901.2684326,906.000061,901.4354248,906.0962524,901.5960083,906.6601563,907.6275024,811.5151978,809.8430786,806.9979858,804.9849243,803.9562988,807.8601685,813.6517334,901.2684326,906.000061,901.4354248,906.0962524,901.5960083,906.6601563,907.6275024
66,710.701355,711.3920288,711.6002808,712.5099487,710.3410645,710.7012939,710.3547363,802.9638672,806.4291382,803.1362305,802.1061401,803.0345459,799.4001465,801.473938,731.5454102,731.1331787,727.430542,730.5068359,729.553833,724.3283081,730.1639404,813.8857422,809.6536865,811.9672852,808.1834717,811.0940552,806.4633179,810.251709,732.5172729,731.4663086,730.9445801,734.3170166,730.972168,732.8554077,731.6208496,807.0526123,799.6392212,802.6828613,802.6828613,800.7130737,795.6033936,802.0667725,738.4841919,739.1063232,733.8782349,737.5671997,735.7362061,736.1619263,738.0789185,801.3215942,801.0026855,802.4642334,800.8861694,804.6983643,802.3891602,802.6175537,731.1610107,733.2655029,730.7299194,726.8222046,735.0236206,729.1211548,732.8956299,799.1732788,802.3547974,800.668396,806.0026855,800.3250732,804.0722656,797.3708496,742.3724976,740.4442139,741.2270508,737.7873535,737.2197266,733.6226807,742.4001465,810.6473999,816.3827515,814.3081055,811.9708862,809.1275635,816.0236206,811.196228,725.5159912,728.2706909,727.4207764,727.612793,725.9810791,724.5603638,728.8525391,798.7885132,796.6779175,797.3814087,796.8502197,795.6931152,795.2398682,793.9550781,727.2281494,728.1136475,725.949646,728.1213989,730.0899048,728.5535889,724.758667,795.819458,796.2785034,793.6619873,799.0762329,800.3739624,799.2607422,796.5175171,719.9334717,716.5599976,716.8513794,713.8759155,713.6304321,719.8484497,716.0807495,800.4874878,804.085083,804.0415649,800.5113525,805.8848877,806.3517456,800.8327637,719.9334717,716.5599976,716.8513794,713.8759155,713.6304321,719.8484497,716.0807495,800.4874878,804.085083,804.0415649,800.5113525,805.8848877,806.3517456,800.8327637
99,748.2161865,748.1535645,749.0969238,753.3151855,753.8745728,751.328186,752.8203125,851.1265259,846.5414429,845.0858765,843.1381836,848.9650879,848.9312134,846.3147583,779.8474731,778.1264648,778.1230469,782.276123,776.4266968,780.8791504,780.7148438,860.9850464,862.2539673,865.3305664,862.050293,860.3757935,863.0391846,863.5603638,777.2730103,777.8401489,773.7476807,778.1843262,781.5284424,780.2749023,775.288147,853.6845703,860.4899902,852.4902344,852.4902344,850.5558472,854.0249634,852.8777466,781.2143555,781.9577637,779.7283936,776.3648682,781.6025391,780.4221802,778.1329956,847.632019,850.2744751,849.2468262,855.8013916,848.9955444,851.0723877,849.2036133,779.4740601,778.953064,780.5591431,777.7913208,776.5570068,782.1259155,779.8640137,846.4490967,847.8334351,850.2058716,848.4194946,853.6497803,847.8706055,851.951416,785.3734741,786.2620239,789.5545654,787.4080811,785.7022095,786.3359985,788.6871338,867.414856,862.9518433,870.430603,867.3761597,866.7182617,868.9785156,867.6613159,778.0998535,773.9260864,772.9113159,773.5141602,776.6778564,768.5536499,773.2668457,846.2781982,847.5992432,852.7427979,847.0447388,851.5762939,845.0678711,845.0556641,776.4086304,773.147644,771.8031006,770.7785034,773.4056396,775.4890747,774.906311,843.5875244,848.1812744,848.0499878,851.2519531,847.0620728,846.6315918,846.6797485,765.2337036,762.2301636,765.0623169,764.5308838,760.798645,763.2325439,762.5592651,851.7241211,853.3630981,853.2941284,854.8061523,858.4567261,854.0195923,853.6282349,765.2337036,762.2301636,765.0623169,764.5308838,760.798645,763.2325439,762.5592651,851.7241211,853.3630981,853.2941284,854.8061523,858.4567261,854.0195923,853.6282349
80,825.5297241,825.6303101,825.3452148,829.2634277,827.2843018,828.4175415,834.0232544,939.4465942,934.6591797,930.0045776,933.7141724,932.8734741,934.6772461,939.1578369,858.4890747,850.6358032,848.8390503,852.7878418,856.3442993,849.7018433,851.3023071,950.9922485,946.6156616,940.6761475,944.6676636,947.4561157,946.6473389,944.2821655,849.8843994,854.8467407,856.927124,855.5772095,851.2075195,856.0541382,852.3278198,936.3647461,939.9234009,932.4019775,932.4019775,932.8878174,930.3669434,934.9087524,857.2294922,864.7587891,862.7529297,861.4411621,860.2796021,859.9815063,863.7025757,939.5690308,937.1018066,937.7169189,935.223999,933.2679443,938.1153564,935.4928589,853.802124,854.0181885,853.3546143,849.9647827,858.2850952,854.6660767,857.4692383,932.5516357,933.6896973,935.0963135,935.3317261,936.8588867,937.7573242,936.5661011,869.7116699,867.8648071,870.5609741,862.1282959,871.4664307,864.4921875,864.5759277,948.354126,955.1455078,948.8615723,952.4069824,955.6496582,948.4820557,951.9534302,847.4456787,848.9389648,848.9038086,847.5010376,850.9065552,849.8886719,851.3187256,935.9619141,933.2693481,928.1842041,929.9970093,931.8185425,930.9335938,931.0915527,853.1675415,845.1345215,855.5097046,848.4900513,852.5012207,854.9776001,851.4036865,926.0837402,933.8258057,928.2180786,931.1409302,932.1879883,934.1553345,933.5041504,843.7915649,835.2523193,838.8598022,838.8163452,842.0971069,840.9637451,835.2730713,944.8294678,939.0490112,938.5455933,935.6478271,940.8276978,937.0814209,940.8547363,843.7915649,835.2523193,838.8598022,838.8163452,842.0971069,840.9637451,835.2730713,944.8294678,939.0490112,938.5455933,935.6478271,940.8276978,937.0814209,940.8547363
